timestamp,temperatura,umidade_solo,ph_solo,nitrogenio,fosforo,potassio,irrigacao_ativa,cultura,volume_irrigacao_recomendado,dosagem_n_recomendada,dosagem_p_recomendada,dosagem_k_recomendada,rendimento_estimado
2025-11-25 19:57:17.533259,23.0,57.9,6.4,0,1,0,0,banana,2.2,15,0,20,10918.0
2025-11-25 19:57:22.533259,23.0,57.4,6.46,1,1,0,0,banana,2.3,0,0,20,13781.0
2025-11-25 19:57:27.533259,23.5,57.7,6.23,1,0,0,0,banana,2.2,0,10,20,12921.0
2025-11-25 19:57:32.533259,22.7,54.8,6.43,1,1,1,0,banana,2.5,0,0,0,18534.0
2025-11-25 19:57:37.533259,23.5,56.3,6.22,1,0,0,0,banana,2.4,0,10,20,12278.0
2025-11-25 19:57:42.533259,23.1,54.9,6.16,0,1,0,0,banana,2.5,15,0,20,11349.0
2025-11-25 19:57:47.533259,22.6,55.3,6.23,1,1,0,0,banana,2.5,0,0,20,14732.0
2025-11-25 19:57:52.533259,22.9,58.0,6.04,0,1,0,0,banana,2.2,15,0,20,10308.0
2025-11-25 19:57:57.533259,22.4,54.8,5.97,1,1,0,0,banana,2.5,0,0,20,12440.0
2025-11-25 19:58:02.533259,22.7,56.8,5.84,1,1,0,0,banana,2.3,0,0,20,11778.0
2025-11-25 19:58:07.533259,22.7,55.6,5.96,0,0,0,0,banana,2.4,15,10,20,7460.0
2025-11-25 19:58:12.533259,22.2,54.8,6.01,1,1,0,0,banana,2.5,0,0,20,15131.0
2025-11-25 19:58:17.533259,22.7,55.4,5.58,1,1,0,0,banana,2.5,0,0,20,12629.0
2025-11-25 19:58:22.533259,21.7,52.1,5.74,1,1,0,0,banana,2.8,0,0,20,11686.0
2025-11-25 19:58:27.533259,22.9,53.3,5.65,0,1,0,0,banana,2.7,15,0,20,9272.0
2025-11-25 19:58:32.533259,22.4,54.9,5.6,1,0,0,0,banana,2.5,0,10,20,10193.0
2025-11-25 19:58:37.533259,22.3,50.5,5.73,1,1,0,0,banana,2.9,0,0,20,11195.0
2025-11-25 19:58:42.533259,23.0,49.2,5.54,0,0,1,0,banana,3.1,15,10,0,8097.0
2025-11-25 19:58:47.533259,22.3,54.2,5.64,1,1,1,0,banana,2.6,0,0,0,15211.0
2025-11-25 19:58:52.533259,23.0,52.0,5.58,0,0,0,0,banana,2.8,15,10,20,7745.0
2025-11-25 19:58:57.533259,22.6,47.6,5.56,0,1,0,0,banana,3.2,15,0,20,7134.0
2025-11-25 19:59:02.533259,22.8,50.1,5.57,0,0,0,0,banana,3.0,15,10,20,8983.0
2025-11-25 19:59:07.533259,22.9,50.8,5.59,1,1,0,0,banana,2.9,0,0,20,11741.0
2025-11-25 19:59:12.533259,22.0,49.3,5.46,0,1,0,0,banana,3.1,15,0,20,7568.0
2025-11-25 19:59:17.533259,22.0,46.5,5.36,0,1,0,0,banana,3.3,15,0,20,7968.0
2025-11-25 19:59:22.533259,22.0,46.2,5.24,0,1,1,0,banana,3.4,15,0,0,9275.0
2025-11-25 19:59:27.533259,22.4,46.3,5.47,1,1,0,0,banana,3.4,0,0,20,10642.0
2025-11-25 19:59:32.533259,23.1,51.2,5.49,0,0,1,0,banana,2.9,15,10,0,10891.0
2025-11-25 19:59:37.533259,22.5,47.1,5.48,0,1,1,0,banana,3.3,15,0,0,9728.0
2025-11-25 19:59:42.533259,22.0,49.8,5.61,0,1,0,0,banana,3.0,15,0,20,7048.0
2025-11-25 19:59:47.533259,22.2,43.3,5.45,1,0,1,0,banana,3.7,0,10,0,11826.0
2025-11-25 19:59:52.533259,22.4,45.3,5.65,1,0,0,0,banana,3.5,0,10,20,8506.0
2025-11-25 19:59:57.533259,22.3,42.8,5.42,1,1,0,0,banana,3.7,0,0,20,10142.0
2025-11-25 20:00:02.533259,23.1,42.3,5.45,0,1,0,0,banana,3.8,15,0,20,7059.0
2025-11-25 20:00:07.533259,22.3,41.4,5.47,1,1,0,0,banana,3.9,0,0,20,9629.0
2025-11-25 20:00:12.533259,22.8,42.2,5.51,1,0,0,0,banana,3.8,0,10,20,7804.0
2025-11-25 20:00:17.533259,22.5,37.5,5.66,1,0,1,1,banana,7.5,0,10,0,10216.0
2025-11-25 20:00:22.533259,22.8,46.0,5.48,1,0,0,1,banana,3.4,0,10,20,8186.0
2025-11-25 20:00:27.533259,22.8,47.6,5.71,0,1,0,1,banana,3.2,15,0,20,7256.0
2025-11-25 20:00:32.533259,22.2,46.6,5.43,1,0,1,1,banana,3.3,0,10,0,10552.0
2025-11-25 20:00:37.533259,22.4,47.9,5.66,1,1,0,1,banana,3.2,0,0,20,10553.0
2025-11-25 20:00:42.533259,23.4,50.1,5.5,1,0,0,1,banana,3.0,0,10,20,10802.0
2025-11-25 20:00:47.533259,23.0,52.5,5.55,1,1,0,1,banana,2.8,0,0,20,12548.0
2025-11-25 20:00:52.533259,22.6,56.5,5.52,1,0,0,1,banana,2.3,0,10,20,9992.0
2025-11-25 20:00:57.533259,22.8,59.3,5.44,1,0,1,1,banana,2.1,0,10,0,13781.0
2025-11-25 20:01:02.533259,22.6,61.1,5.39,1,0,0,1,banana,1.9,0,10,20,10373.0
2025-11-25 20:01:07.533259,22.5,63.8,5.59,0,0,0,1,banana,1.6,15,10,20,8579.0
2025-11-25 20:01:12.533259,22.1,62.5,5.64,0,1,0,1,banana,1.8,15,0,20,8607.0
2025-11-25 20:01:17.533259,21.9,64.9,5.46,1,1,0,1,banana,1.5,0,0,20,11852.0
2025-11-25 20:01:22.533259,23.3,67.2,5.45,1,0,0,1,banana,1.3,0,10,20,10646.0
2025-11-25 20:01:27.533259,23.4,67.1,5.5,1,1,0,1,banana,1.3,0,0,20,12584.0
2025-11-25 20:01:32.533259,22.2,69.4,5.34,1,1,0,1,banana,1.1,0,0,20,11951.0
2025-11-25 20:01:37.533259,23.3,72.9,5.49,1,0,0,1,banana,0.0,0,10,20,8775.0
2025-11-25 20:01:42.533259,23.4,77.0,5.61,1,1,1,0,banana,0.0,0,0,0,12648.0
2025-11-25 20:01:47.533259,22.7,74.3,5.59,1,0,1,0,banana,0.0,0,10,0,11062.0
2025-11-25 20:01:52.533259,23.1,75.0,5.36,0,0,0,0,banana,0.0,15,10,20,7315.0
2025-11-25 20:01:57.533259,22.4,73.2,5.52,0,1,1,0,banana,0.0,15,0,0,9509.0
2025-11-25 20:02:02.533259,21.9,74.7,5.61,0,0,0,0,banana,0.0,15,10,20,6366.0
2025-11-25 20:02:07.533259,22.3,71.5,5.67,1,1,0,0,banana,0.0,0,0,20,9571.0
2025-11-25 20:02:12.533259,21.6,71.0,5.38,1,1,0,0,banana,0.0,0,0,20,9673.0
2025-11-25 20:02:17.533259,23.0,73.7,5.4,1,1,1,0,banana,0.0,0,0,0,11304.0
2025-11-25 20:02:22.533259,22.4,69.7,5.57,0,0,1,0,banana,1.0,15,10,0,10292.0
2025-11-25 20:02:27.533259,22.5,68.7,5.6,0,1,1,0,banana,1.1,15,0,0,11706.0
2025-11-25 20:02:32.533259,22.5,71.1,5.68,0,0,0,0,banana,0.0,15,10,20,6540.0
2025-11-25 20:02:37.533259,22.4,67.0,5.5,1,1,0,0,banana,1.3,0,0,20,12094.0
2025-11-25 20:02:42.533259,22.1,70.1,5.46,0,1,1,0,banana,0.0,15,0,0,9362.0
2025-11-25 20:02:47.533259,23.4,71.2,5.65,1,1,0,0,banana,0.0,0,0,20,9576.0
2025-11-25 20:02:52.533259,22.0,66.8,5.36,1,1,1,0,banana,1.3,0,0,0,16422.0
2025-11-25 20:02:57.533259,22.3,66.8,5.59,1,0,1,0,banana,1.3,0,10,0,13431.0
2025-11-25 20:03:02.533259,22.7,67.5,5.64,0,0,0,0,banana,1.2,15,10,20,8027.0
2025-11-25 20:03:07.533259,22.1,64.0,5.43,1,0,0,0,banana,1.6,0,10,20,10258.0
2025-11-25 20:03:12.533259,21.9,66.0,5.51,1,1,0,0,banana,1.4,0,0,20,11980.0
2025-11-25 20:03:17.533259,22.4,66.0,5.3,1,0,0,0,banana,1.4,0,10,20,10670.0
2025-11-25 20:03:22.533259,23.0,66.6,5.65,1,0,0,0,banana,1.3,0,10,20,10397.0
2025-11-25 20:03:27.533259,22.0,65.1,5.56,1,1,0,0,banana,1.5,0,0,20,12698.0
2025-11-25 20:03:32.533259,22.1,61.7,5.55,0,0,0,0,banana,1.8,15,10,20,8972.0
2025-11-25 20:03:37.533259,22.4,59.3,5.57,0,1,0,0,banana,2.1,15,0,20,9763.0
2025-11-25 20:03:42.533259,22.4,64.6,5.58,1,0,0,0,banana,1.5,0,10,20,10582.0
2025-11-25 20:03:47.533259,22.4,63.0,5.55,1,1,0,0,banana,1.7,0,0,20,11777.0
2025-11-25 20:03:52.533259,22.4,64.3,5.52,0,0,0,0,banana,1.6,15,10,20,7981.0
2025-11-25 20:03:57.533259,22.5,62.7,5.33,0,1,0,0,banana,1.7,15,0,20,9117.0
2025-11-25 20:04:02.533259,23.2,60.0,5.48,0,1,0,0,banana,2.0,15,0,20,9505.0
2025-11-25 20:04:07.533259,22.8,63.7,5.53,0,1,0,0,banana,1.6,15,0,20,9360.0
2025-11-25 20:04:12.533259,21.6,57.5,5.44,1,0,0,0,banana,2.2,0,10,20,10684.0
2025-11-25 20:04:17.533259,21.9,60.4,5.6,0,1,1,0,banana,2.0,15,0,0,12503.0
2025-11-25 20:04:22.533259,22.1,59.0,5.43,0,0,0,0,banana,2.1,15,10,20,8490.0
2025-11-25 20:04:27.533259,22.4,61.4,5.34,0,1,0,0,banana,1.9,15,0,20,8697.0
2025-11-25 20:04:32.533259,22.1,58.4,5.51,1,0,0,0,banana,2.2,0,10,20,11001.0
2025-11-25 20:04:37.533259,22.1,57.1,5.49,1,0,0,0,banana,2.3,0,10,20,10764.0
2025-11-25 20:04:42.533259,22.3,57.5,5.53,0,1,0,0,banana,2.2,15,0,20,8846.0
2025-11-25 20:04:47.533259,22.1,57.0,5.52,1,1,0,0,banana,2.3,0,0,20,12404.0
2025-11-25 20:04:52.533259,22.1,58.5,5.37,1,1,1,0,banana,2.1,0,0,0,14624.0
2025-11-25 20:04:57.533259,22.7,54.6,5.53,1,1,1,0,banana,2.5,0,0,0,15933.0
2025-11-25 20:05:02.533259,22.7,56.2,5.73,0,1,1,0,banana,2.4,15,0,0,12186.0
2025-11-25 20:05:07.533259,22.0,58.1,5.45,1,1,0,0,banana,2.2,0,0,20,11525.0
2025-11-25 20:05:12.533259,22.7,55.3,5.52,1,1,0,0,banana,2.5,0,0,20,10617.0
2025-11-25 20:05:17.533259,22.6,52.4,5.39,1,0,1,0,banana,2.8,0,10,0,13762.0
2025-11-25 20:05:22.533259,22.9,49.9,5.39,1,1,0,0,banana,3.0,0,0,20,9683.0
2025-11-25 20:05:27.533259,22.8,51.0,5.59,1,1,1,0,banana,2.9,0,0,0,15973.0
2025-11-25 20:05:32.533259,21.3,51.9,5.44,1,1,0,0,banana,2.8,0,0,20,11473.0
2025-11-25 20:05:37.533259,22.4,52.6,5.53,1,0,1,0,banana,2.7,0,10,0,13625.0
2025-11-25 20:05:42.533259,22.8,51.3,5.75,1,1,0,0,banana,2.9,0,0,20,12522.0
2025-11-25 20:05:47.533259,22.8,51.5,5.6,0,1,0,0,banana,2.8,15,0,20,9080.0
2025-11-25 20:05:52.533259,23.1,49.6,5.67,1,1,0,0,banana,3.0,0,0,20,9348.0
2025-11-25 20:05:57.533259,22.7,45.4,5.5,1,1,1,0,banana,3.5,0,0,0,12023.0
2025-11-25 20:06:02.533259,22.5,48.8,5.66,0,0,0,0,banana,3.1,15,10,20,5713.0
2025-11-25 20:06:07.533259,21.7,50.8,5.56,1,1,0,0,banana,2.9,0,0,20,11981.0
2025-11-25 20:06:12.533259,22.1,49.2,5.48,0,1,0,0,banana,3.1,15,0,20,7571.0
2025-11-25 20:06:17.533259,22.1,50.9,5.44,0,1,0,0,banana,2.9,15,0,20,10118.0
2025-11-25 20:06:22.533259,22.2,45.8,5.44,1,1,1,0,banana,3.4,0,0,0,12490.0
2025-11-25 20:06:27.533259,22.1,47.2,5.55,1,1,0,0,banana,3.3,0,0,20,9178.0
2025-11-25 20:06:32.533259,22.0,47.0,5.55,0,1,1,0,banana,3.3,15,0,0,10279.0
2025-11-25 20:06:37.533259,22.6,47.2,5.49,1,1,1,0,banana,3.3,0,0,0,12955.0
2025-11-25 20:06:42.533259,23.1,43.2,5.48,1,0,1,0,banana,3.7,0,10,0,10597.0
2025-11-25 20:06:47.533259,22.3,40.0,5.42,1,0,0,0,banana,4.0,0,10,20,7819.0
2025-11-25 20:06:52.533259,22.9,44.1,5.47,1,1,0,0,banana,3.6,0,0,20,9863.0
2025-11-25 20:06:57.533259,21.9,41.1,5.51,0,1,0,0,banana,3.9,15,0,20,8137.0
2025-11-25 20:07:02.533259,22.3,46.2,5.48,1,1,0,0,banana,3.4,0,0,20,9567.0
2025-11-25 20:07:07.533259,23.8,45.1,5.5,0,0,1,0,banana,3.5,15,10,0,8167.0
2025-11-25 20:07:12.533259,22.3,43.0,5.5,1,1,0,0,banana,3.7,0,0,20,9655.0
2025-11-25 20:07:17.533259,22.8,38.6,5.69,0,1,1,1,banana,7.3,15,0,0,9718.0
2025-11-25 20:07:22.533259,21.8,44.9,5.57,1,1,0,1,banana,3.5,0,0,20,10139.0
2025-11-25 20:07:27.533259,22.3,43.8,5.51,1,1,0,1,banana,3.6,0,0,20,9482.0
2025-11-25 20:07:32.533259,21.4,45.8,5.46,1,1,0,1,banana,3.4,0,0,20,8755.0
2025-11-25 20:07:37.533259,23.5,52.5,5.42,1,1,0,1,banana,2.8,0,0,20,12396.0
2025-11-25 20:07:42.533259,21.8,51.4,5.6,1,1,1,1,banana,2.9,0,0,0,15506.0
2025-11-25 20:07:47.533259,23.0,56.3,5.68,0,1,0,1,banana,2.4,15,0,20,9913.0
2025-11-25 20:07:52.533259,21.9,56.8,5.51,0,1,0,1,banana,2.3,15,0,20,9630.0
2025-11-25 20:07:57.533259,22.3,58.6,5.49,1,1,1,1,banana,2.1,0,0,0,15436.0
2025-11-25 20:08:02.533259,23.0,56.6,5.45,0,1,0,1,banana,2.3,15,0,20,9698.0
2025-11-25 20:08:07.533259,23.2,61.4,5.32,0,1,0,1,banana,1.9,15,0,20,9293.0
2025-11-25 20:08:12.533259,21.8,62.5,5.48,1,1,0,1,banana,1.8,0,0,20,11584.0
2025-11-25 20:08:17.533259,22.6,64.8,5.46,1,0,0,1,banana,1.5,0,10,20,11345.0
2025-11-25 20:08:22.533259,22.3,63.7,5.64,1,0,0,1,banana,1.6,0,10,20,10293.0
2025-11-25 20:08:27.533259,21.7,67.1,5.52,1,1,1,1,banana,1.3,0,0,0,16143.0
2025-11-25 20:08:32.533259,22.7,71.8,5.59,1,1,0,1,banana,0.0,0,0,20,9662.0
2025-11-25 20:08:37.533259,22.4,75.1,5.5,1,1,0,0,banana,0.0,0,0,20,9262.0
2025-11-25 20:08:42.533259,22.6,75.2,5.35,0,1,0,0,banana,0.0,15,0,20,6873.0
2025-11-25 20:08:47.533259,23.4,75.8,5.47,1,1,1,0,banana,0.0,0,0,0,12833.0
2025-11-25 20:08:52.533259,22.2,73.8,5.55,1,1,0,0,banana,0.0,0,0,20,10540.0
2025-11-25 20:08:57.533259,23.0,70.1,5.37,0,0,0,0,banana,0.0,15,10,20,6362.0
2025-11-25 20:09:02.533259,22.4,72.0,5.53,1,1,1,0,banana,0.0,0,0,0,12568.0
2025-11-25 20:09:07.533259,21.2,69.5,5.6,1,0,1,0,banana,1.0,0,10,0,13672.0
2025-11-25 20:09:12.533259,22.5,75.2,5.5,1,1,0,0,banana,0.0,0,0,20,9440.0
2025-11-25 20:09:17.533259,22.5,70.0,5.38,0,1,1,0,banana,1.0,15,0,0,11268.0
2025-11-25 20:09:22.533259,22.0,68.2,5.63,1,0,1,0,banana,1.2,0,10,0,13772.0
2025-11-25 20:09:27.533259,22.6,66.4,5.51,0,1,0,0,banana,1.4,15,0,20,9518.0
2025-11-25 20:09:32.533259,22.5,70.2,5.68,0,1,1,0,banana,0.0,15,0,0,9438.0
2025-11-25 20:09:37.533259,22.0,67.1,5.46,1,1,1,0,banana,1.3,0,0,0,15429.0
2025-11-25 20:09:42.533259,22.8,67.3,5.69,1,0,1,0,banana,1.3,0,10,0,13737.0
2025-11-25 20:09:47.533259,23.4,67.4,5.47,1,0,0,0,banana,1.3,0,10,20,11720.0
2025-11-25 20:09:52.533259,21.7,64.9,5.39,1,1,1,0,banana,1.5,0,0,0,15348.0
2025-11-25 20:09:57.533259,21.4,64.8,5.62,1,1,0,0,banana,1.5,0,0,20,12423.0
2025-11-25 20:10:02.533259,22.4,67.1,5.54,1,1,1,0,banana,1.3,0,0,0,15308.0
2025-11-25 20:10:07.533259,22.8,65.8,5.38,0,1,0,0,banana,1.4,15,0,20,9268.0
2025-11-25 20:10:12.533259,22.0,64.7,5.46,1,0,0,0,banana,1.5,0,10,20,10840.0
2025-11-25 20:10:17.533259,21.3,65.5,5.4,1,1,0,0,banana,1.4,0,0,20,11871.0
2025-11-25 20:10:22.533259,23.4,61.5,5.45,0,1,1,0,banana,1.8,15,0,0,12574.0
2025-11-25 20:10:27.533259,22.3,63.9,5.36,1,1,0,0,banana,1.6,0,0,20,11915.0
2025-11-25 20:10:32.533259,22.7,64.1,5.45,0,1,0,0,banana,1.6,15,0,20,9168.0
2025-11-25 20:10:37.533259,21.6,60.9,5.26,1,1,0,0,banana,1.9,0,0,20,11653.0
2025-11-25 20:10:42.533259,22.3,63.0,5.72,1,0,1,0,banana,1.7,0,10,0,13934.0
2025-11-25 20:10:47.533259,22.5,60.1,5.67,1,0,0,0,banana,2.0,0,10,20,11275.0
2025-11-25 20:10:52.533259,22.6,62.2,5.71,1,0,1,0,banana,1.8,0,10,0,13916.0
2025-11-25 20:10:57.533259,22.9,58.8,5.55,1,1,0,0,banana,2.1,0,0,20,12150.0
2025-11-25 20:11:02.533259,22.9,60.3,5.56,1,1,1,0,banana,2.0,0,0,0,15344.0
2025-11-25 20:11:07.533259,22.3,54.7,5.44,0,1,1,0,banana,2.5,15,0,0,12390.0
2025-11-25 20:11:12.533259,23.1,56.6,5.42,1,1,0,0,banana,2.3,0,0,20,12101.0
2025-11-25 20:11:17.533259,23.2,57.0,5.54,1,0,1,0,banana,2.3,0,10,0,14203.0
2025-11-25 20:11:22.533259,21.0,57.9,5.54,0,1,1,0,banana,2.2,15,0,0,11505.0
2025-11-25 20:11:27.533259,22.6,55.1,5.51,1,0,1,0,banana,2.5,0,10,0,13379.0
2025-11-25 20:11:32.533259,21.3,57.6,5.35,1,0,0,0,banana,2.2,0,10,20,10658.0
2025-11-25 20:11:37.533259,22.8,55.6,5.41,1,0,0,0,banana,2.4,0,10,20,9927.0
2025-11-25 20:11:42.533259,22.7,51.2,5.6,1,0,0,0,banana,2.9,0,10,20,11073.0
2025-11-25 20:11:47.533259,22.7,54.5,5.57,1,0,0,0,banana,2.5,0,10,20,9393.0
2025-11-25 20:11:52.533259,22.0,51.8,5.41,0,1,1,0,banana,2.8,15,0,0,11610.0
2025-11-25 20:11:57.533259,23.2,52.2,5.36,1,1,0,0,banana,2.8,0,0,20,12831.0
2025-11-25 20:12:02.533259,22.9,54.4,5.46,1,0,0,0,banana,2.6,0,10,20,9786.0
2025-11-25 20:12:07.533259,22.3,53.8,5.58,1,1,0,0,banana,2.6,0,0,20,12242.0
2025-11-25 20:12:12.533259,22.4,54.3,5.77,1,1,1,0,banana,2.6,0,0,0,15411.0
2025-11-25 20:12:17.533259,22.5,51.1,5.47,1,1,0,0,banana,2.9,0,0,20,11844.0
2025-11-25 20:12:22.533259,22.2,52.5,5.64,0,1,0,0,banana,2.8,15,0,20,10016.0
2025-11-25 20:12:27.533259,22.5,54.1,5.47,1,0,0,0,banana,2.6,0,10,20,11295.0
2025-11-25 20:12:32.533259,21.6,48.8,5.6,0,1,0,0,banana,3.1,15,0,20,7088.0
2025-11-25 20:12:37.533259,22.4,49.5,5.27,0,1,1,0,banana,3.0,15,0,0,9672.0
2025-11-25 20:12:42.533259,22.5,49.2,5.3,1,1,0,0,banana,3.1,0,0,20,10178.0
2025-11-25 20:12:47.533259,22.2,48.2,5.6,1,1,0,0,banana,3.2,0,0,20,9917.0
2025-11-25 20:12:52.533259,22.7,43.8,5.64,1,1,0,0,banana,3.6,0,0,20,9121.0
2025-11-25 20:12:57.533259,22.9,52.5,5.49,1,1,0,0,banana,2.8,0,0,20,11621.0
2025-11-25 20:13:02.533259,22.5,47.5,5.49,1,0,0,0,banana,3.2,0,10,20,8565.0
2025-11-25 20:13:07.533259,23.0,45.2,5.46,1,1,0,0,banana,3.5,0,0,20,9798.0
2025-11-25 20:13:12.533259,23.4,43.8,5.59,1,0,0,0,banana,3.6,0,10,20,8586.0
2025-11-25 20:13:17.533259,22.5,42.9,5.54,0,1,0,0,banana,3.7,15,0,20,8517.0
2025-11-25 20:13:22.533259,21.8,45.6,5.43,1,1,0,0,banana,3.4,0,0,20,8361.0
2025-11-25 20:13:27.533259,21.9,46.4,5.68,1,0,1,0,banana,3.4,0,10,0,9965.0
2025-11-25 20:13:32.533259,22.0,45.1,5.46,1,0,1,0,banana,3.5,0,10,0,11071.0
2025-11-25 20:13:37.533259,22.6,43.4,5.52,0,0,1,0,banana,3.7,15,10,0,8563.0
2025-11-25 20:13:42.533259,22.7,40.3,5.61,1,1,1,0,banana,4.0,0,0,0,13013.0
2025-11-25 20:13:47.533259,21.8,42.4,5.61,1,0,0,0,banana,3.8,0,10,20,7947.0
2025-11-25 20:13:52.533259,22.5,45.1,5.52,0,0,0,0,banana,3.5,15,10,20,6012.0
2025-11-25 20:13:57.533259,22.9,41.8,5.53,1,1,0,0,banana,3.8,0,0,20,10301.0
2025-11-25 20:14:02.533259,22.3,44.5,5.5,1,1,0,0,banana,3.5,0,0,20,9367.0
2025-11-25 20:14:07.533259,23.0,42.9,5.62,0,1,0,0,banana,3.7,15,0,20,7596.0
2025-11-25 20:14:12.533259,21.9,41.9,5.63,1,0,1,0,banana,3.8,0,10,0,10926.0
2025-11-25 20:14:17.533259,22.3,41.0,5.58,1,1,0,0,banana,3.9,0,0,20,9459.0
2025-11-25 20:14:22.533259,21.8,40.0,5.39,1,1,0,1,banana,4.0,0,0,20,10242.0
2025-11-25 20:14:27.533259,22.0,41.9,5.4,1,0,0,1,banana,3.8,0,10,20,8364.0
2025-11-25 20:14:32.533259,21.5,40.7,5.51,1,0,1,1,banana,3.9,0,10,0,10994.0
2025-11-25 20:14:37.533259,22.4,47.4,5.44,1,1,0,1,banana,3.3,0,0,20,10891.0
2025-11-25 20:14:42.533259,22.6,46.9,5.65,1,0,1,1,banana,3.3,0,10,0,11105.0
2025-11-25 20:14:47.533259,22.4,51.8,5.31,1,1,1,1,banana,2.8,0,0,0,15209.0
2025-11-25 20:14:52.533259,21.6,51.4,5.41,0,1,1,1,banana,2.9,15,0,0,12211.0
2025-11-25 20:14:57.533259,22.4,54.7,5.47,1,0,0,1,banana,2.5,0,10,20,10618.0
2025-11-25 20:15:02.533259,22.0,60.5,5.43,1,1,0,1,banana,1.9,0,0,20,12336.0
2025-11-25 20:15:07.533259,22.2,60.1,5.39,1,1,1,1,banana,2.0,0,0,0,15099.0
2025-11-25 20:15:12.533259,21.8,58.8,5.62,1,1,0,1,banana,2.1,0,0,20,12647.0
2025-11-25 20:15:17.533259,21.6,63.9,5.57,1,1,0,1,banana,1.6,0,0,20,12401.0
2025-11-25 20:15:22.533259,21.8,64.1,5.4,0,0,0,1,banana,1.6,15,10,20,8108.0
2025-11-25 20:15:27.533259,21.9,67.1,5.29,0,0,0,1,banana,1.3,15,10,20,8896.0
2025-11-25 20:15:32.533259,22.2,70.9,5.32,1,0,0,1,banana,0.0,0,10,20,8696.0
2025-11-25 20:15:37.533259,22.0,66.4,5.31,0,0,1,1,banana,1.4,15,10,0,11215.0
2025-11-25 20:15:42.533259,23.0,72.5,5.5,0,1,1,1,banana,0.0,15,0,0,9912.0
2025-11-25 20:15:47.533259,21.9,76.0,5.68,0,1,0,0,banana,0.0,15,0,20,7523.0
2025-11-25 20:15:52.533259,22.5,70.5,5.62,1,1,0,0,banana,0.0,0,0,20,9730.0
2025-11-25 20:15:57.533259,21.5,69.9,5.55,1,1,0,0,banana,1.0,0,0,20,12715.0
2025-11-25 20:16:02.533259,21.9,72.9,5.53,1,1,0,0,banana,0.0,0,0,20,9094.0
2025-11-25 20:16:07.533259,21.6,72.9,5.59,0,1,0,0,banana,0.0,15,0,20,7624.0
2025-11-25 20:16:12.533259,22.0,69.7,5.57,1,1,0,0,banana,1.0,0,0,20,11522.0
2025-11-25 20:16:17.533259,22.3,70.8,5.63,1,1,0,0,banana,0.0,0,0,20,10261.0
2025-11-25 20:16:22.533259,22.4,68.3,5.71,1,1,1,0,banana,1.2,0,0,0,14997.0
2025-11-25 20:16:27.533259,21.9,69.2,5.47,1,1,1,0,banana,1.1,0,0,0,15115.0
2025-11-25 20:16:32.533259,22.8,68.0,5.2,0,1,0,0,banana,1.2,15,0,20,8990.0
2025-11-25 20:16:37.533259,22.2,69.3,5.6,1,1,0,0,banana,1.1,0,0,20,11992.0
2025-11-25 20:16:42.533259,22.5,69.2,5.65,0,0,0,0,banana,1.1,15,10,20,8278.0
2025-11-25 20:16:47.533259,22.5,66.8,5.54,0,1,1,0,banana,1.3,15,0,0,11447.0
2025-11-25 20:16:52.533259,22.2,70.5,5.62,1,1,0,0,banana,0.0,0,0,20,9363.0
2025-11-25 20:16:57.533259,23.5,67.7,5.36,1,0,0,0,banana,1.2,0,10,20,10030.0
2025-11-25 20:17:02.533259,21.3,67.0,5.42,1,1,0,0,banana,1.3,0,0,20,12066.0
2025-11-25 20:17:07.533259,22.6,63.1,5.47,1,1,0,0,banana,1.7,0,0,20,12574.0
2025-11-25 20:17:12.533259,21.8,67.8,5.62,1,1,0,0,banana,1.2,0,0,20,12001.0
2025-11-25 20:17:17.533259,22.7,68.2,5.66,1,0,0,0,banana,1.2,0,10,20,11449.0
2025-11-25 20:17:22.533259,22.7,66.8,5.56,1,1,0,0,banana,1.3,0,0,20,12014.0
2025-11-25 20:17:27.533259,21.7,64.0,5.56,1,0,1,0,banana,1.6,0,10,0,13944.0
2025-11-25 20:17:32.533259,21.9,63.0,5.52,1,1,0,0,banana,1.7,0,0,20,12546.0
2025-11-25 20:17:37.533259,21.9,62.0,5.54,1,1,0,0,banana,1.8,0,0,20,12656.0
2025-11-25 20:17:42.533259,22.8,66.4,5.45,1,0,1,0,banana,1.4,0,10,0,13766.0
2025-11-25 20:17:47.533259,22.1,62.4,5.68,1,0,1,0,banana,1.8,0,10,0,13129.0
2025-11-25 20:17:52.533259,23.1,60.8,5.52,0,1,0,0,banana,1.9,15,0,20,8850.0
2025-11-25 20:17:57.533259,22.5,62.8,5.62,1,0,0,0,banana,1.7,0,10,20,11174.0
2025-11-25 20:18:02.533259,21.3,58.6,5.6,0,1,0,0,banana,2.1,15,0,20,10602.0
2025-11-25 20:18:07.533259,23.0,57.3,5.47,0,1,1,0,banana,2.3,15,0,0,12295.0
2025-11-25 20:18:12.533259,22.3,57.1,5.55,1,0,0,0,banana,2.3,0,10,20,10476.0
2025-11-25 20:18:17.533259,22.8,60.7,5.73,1,1,0,0,banana,1.9,0,0,20,12022.0
2025-11-25 20:18:22.533259,22.3,60.6,5.72,1,0,0,0,banana,1.9,0,10,20,10498.0
2025-11-25 20:18:27.533259,22.1,59.5,5.28,1,0,0,0,banana,2.0,0,10,20,10063.0
2025-11-25 20:18:32.533259,22.9,57.4,5.45,0,1,1,0,banana,2.3,15,0,0,11854.0
2025-11-25 20:18:37.533259,21.5,55.3,5.43,0,1,0,0,banana,2.5,15,0,20,8524.0
2025-11-25 20:18:42.533259,22.4,55.0,5.4,1,1,0,0,banana,2.5,0,0,20,12873.0
2025-11-25 20:18:47.533259,21.7,53.6,5.43,1,0,0,0,banana,2.6,0,10,20,10761.0
2025-11-25 20:18:52.533259,22.5,60.5,5.41,1,0,0,0,banana,1.9,0,10,20,10816.0
2025-11-25 20:18:57.533259,22.4,57.0,5.36,1,1,0,0,banana,2.3,0,0,20,11857.0
2025-11-25 20:19:02.533259,22.3,53.8,5.37,0,1,0,0,banana,2.6,15,0,20,9606.0
2025-11-25 20:19:07.533259,21.4,53.1,5.31,0,0,0,0,banana,2.7,15,10,20,8787.0
2025-11-25 20:19:12.533259,22.1,52.7,5.55,1,1,0,0,banana,2.7,0,0,20,10794.0
2025-11-25 20:19:17.533259,22.1,50.7,5.45,1,1,0,0,banana,2.9,0,0,20,11798.0
2025-11-25 20:19:22.533259,22.0,52.3,5.54,1,1,1,0,banana,2.8,0,0,0,14315.0
2025-11-25 20:19:27.533259,22.3,55.1,5.3,1,0,0,0,banana,2.5,0,10,20,11366.0
2025-11-25 20:19:32.533259,22.3,52.0,5.62,1,0,0,0,banana,2.8,0,10,20,10753.0
2025-11-25 20:19:37.533259,22.4,50.9,5.46,1,0,0,0,banana,2.9,0,10,20,11495.0
2025-11-25 20:19:42.533259,21.3,52.1,5.39,0,0,0,0,banana,2.8,15,10,20,7810.0
2025-11-25 20:19:47.533259,22.3,50.8,5.38,1,1,0,0,banana,2.9,0,0,20,11785.0
2025-11-25 20:19:52.533259,21.4,46.6,5.46,0,1,0,0,banana,3.3,15,0,20,7524.0
2025-11-25 20:19:57.533259,22.7,44.8,5.4,1,1,1,0,banana,3.5,0,0,0,11815.0
2025-11-25 20:20:02.533259,22.2,46.0,5.64,1,1,1,0,banana,3.4,0,0,0,12561.0
2025-11-25 20:20:07.533259,22.7,47.2,5.61,0,0,0,0,banana,3.3,15,10,20,6536.0
2025-11-25 20:20:12.533259,22.2,50.6,5.33,0,0,0,0,banana,2.9,15,10,20,8633.0
2025-11-25 20:20:17.533259,22.8,42.8,5.45,1,1,1,0,banana,3.7,0,0,0,12503.0
2025-11-25 20:20:22.533259,21.2,50.8,5.47,1,1,1,0,banana,2.9,0,0,0,15829.0
2025-11-25 20:20:27.533259,21.9,44.9,5.35,1,0,0,0,banana,3.5,0,10,20,8122.0
2025-11-25 20:20:32.533259,22.3,44.7,5.47,1,0,0,0,banana,3.5,0,10,20,8348.0
2025-11-25 20:20:37.533259,22.3,43.5,5.55,0,1,0,0,banana,3.6,15,0,20,7499.0
2025-11-25 20:20:42.533259,22.3,42.3,5.55,1,1,0,0,banana,3.8,0,0,20,8889.0
2025-11-25 20:20:47.533259,22.0,42.6,5.51,0,0,1,0,banana,3.7,15,10,0,9248.0
2025-11-25 20:20:52.533259,21.1,47.0,5.49,1,0,1,0,banana,3.3,0,10,0,10513.0
2025-11-25 20:20:57.533259,21.9,41.7,5.47,1,0,1,0,banana,3.8,0,10,0,11828.0
2025-11-25 20:21:02.533259,21.0,43.2,5.47,1,0,1,0,banana,3.7,0,10,0,11441.0
2025-11-25 20:21:07.533259,22.0,37.7,5.56,1,1,1,1,banana,7.5,0,0,0,12159.0
2025-11-25 20:21:12.533259,21.2,42.9,5.34,0,1,0,1,banana,3.7,15,0,20,7938.0
2025-11-25 20:21:17.533259,21.9,45.6,5.43,0,1,0,1,banana,3.4,15,0,20,7746.0
2025-11-25 20:21:22.533259,22.6,52.2,5.47,0,1,0,1,banana,2.8,15,0,20,9470.0
2025-11-25 20:21:27.533259,21.7,50.8,5.44,1,0,1,1,banana,2.9,0,10,0,13284.0
2025-11-25 20:21:32.533259,23.1,50.2,5.53,1,1,0,1,banana,3.0,0,0,20,11800.0
2025-11-25 20:21:37.533259,21.7,53.5,5.55,0,0,1,1,banana,2.6,15,10,0,10917.0
2025-11-25 20:21:42.533259,22.3,57.4,5.55,1,1,1,1,banana,2.3,0,0,0,15406.0
2025-11-25 20:21:47.533259,21.0,56.0,5.44,1,0,1,1,banana,2.4,0,10,0,13190.0
2025-11-25 20:21:52.533259,23.7,58.5,5.47,0,1,0,1,banana,2.1,15,0,20,8924.0
2025-11-25 20:21:57.533259,22.6,62.6,5.31,1,0,1,1,banana,1.7,0,10,0,13880.0
2025-11-25 20:22:02.533259,21.5,62.7,5.58,1,1,0,1,banana,1.7,0,0,20,12183.0
2025-11-25 20:22:07.533259,23.1,65.6,5.56,0,0,1,1,banana,1.4,15,10,0,11569.0
2025-11-25 20:22:12.533259,22.2,67.3,5.48,1,0,0,1,banana,1.3,0,10,20,10889.0
2025-11-25 20:22:17.533259,22.4,69.9,5.69,0,1,0,1,banana,1.0,15,0,20,9677.0
2025-11-25 20:22:22.533259,22.0,69.2,5.68,1,1,0,1,banana,1.1,0,0,20,11825.0
2025-11-25 20:22:27.533259,21.9,74.3,5.47,1,1,0,1,banana,0.0,0,0,20,10814.0
2025-11-25 20:22:32.533259,22.4,72.1,5.36,1,1,0,1,banana,0.0,0,0,20,9411.0
2025-11-25 20:22:37.533259,21.5,77.0,5.48,1,0,0,0,banana,0.0,0,10,20,8367.0
2025-11-25 20:22:42.533259,22.4,76.5,5.62,1,0,0,0,banana,0.0,0,10,20,8604.0
2025-11-25 20:22:47.533259,21.5,77.3,5.52,1,0,0,0,banana,0.0,0,10,20,7895.0
2025-11-25 20:22:52.533259,21.6,75.1,5.55,1,1,0,0,banana,0.0,0,0,20,9023.0
2025-11-25 20:22:57.533259,22.4,74.5,5.71,0,1,1,0,banana,0.0,15,0,0,9892.0
2025-11-25 20:23:02.533259,22.2,72.0,5.49,1,1,0,0,banana,0.0,0,0,20,10318.0
2025-11-25 20:23:07.533259,22.3,72.7,5.56,1,1,0,0,banana,0.0,0,0,20,8967.0
2025-11-25 20:23:12.533259,22.2,74.9,5.6,0,1,1,0,banana,0.0,15,0,0,10230.0
2025-11-25 20:23:17.533259,22.1,73.8,5.53,0,1,1,0,banana,0.0,15,0,0,9413.0
2025-11-25 20:23:22.533259,21.9,73.7,5.6,1,1,0,0,banana,0.0,0,0,20,10262.0
2025-11-25 20:23:27.533259,21.7,72.0,5.52,1,1,0,0,banana,0.0,0,0,20,9273.0
2025-11-25 20:23:32.533259,21.1,75.3,5.4,0,1,0,0,banana,0.0,15,0,20,7026.0
2025-11-25 20:23:37.533259,22.6,69.2,5.41,1,1,0,0,banana,1.1,0,0,20,12224.0
2025-11-25 20:23:42.533259,22.0,67.9,5.42,1,0,0,0,banana,1.2,0,10,20,11274.0
2025-11-25 20:23:47.533259,23.2,70.0,5.5,1,1,0,0,banana,1.0,0,0,20,12844.0
2025-11-25 20:23:52.533259,22.1,69.5,5.4,1,1,0,0,banana,1.0,0,0,20,11773.0
2025-11-25 20:23:57.533259,22.1,71.3,5.52,0,0,0,0,banana,0.0,15,10,20,6656.0
2025-11-25 20:24:02.533259,21.5,69.5,5.43,0,1,0,0,banana,1.0,15,0,20,8795.0
2025-11-25 20:24:07.533259,22.6,69.8,5.59,1,1,0,0,banana,1.0,0,0,20,12122.0
2025-11-25 20:24:12.533259,21.4,65.6,5.57,1,0,0,0,banana,1.4,0,10,20,10698.0
2025-11-25 20:24:17.533259,21.5,70.0,5.48,1,1,0,0,banana,1.0,0,0,20,13205.0
2025-11-25 20:24:22.533259,21.4,65.8,5.39,1,1,0,0,banana,1.4,0,0,20,11615.0
2025-11-25 20:24:27.533259,21.7,65.7,5.55,0,1,1,0,banana,1.4,15,0,0,12462.0
2025-11-25 20:24:32.533259,22.0,66.4,5.32,1,1,0,0,banana,1.4,0,0,20,12230.0
2025-11-25 20:24:37.533259,21.6,64.1,5.51,1,1,0,0,banana,1.6,0,0,20,11813.0
2025-11-25 20:24:42.533259,21.4,65.4,5.48,0,0,1,0,banana,1.5,15,10,0,11190.0
2025-11-25 20:24:47.533259,21.3,63.9,5.35,0,0,0,0,banana,1.6,15,10,20,8242.0
2025-11-25 20:24:52.533259,22.7,65.9,5.39,1,1,0,0,banana,1.4,0,0,20,10922.0
2025-11-25 20:24:57.533259,22.1,63.7,5.56,0,1,1,0,banana,1.6,15,0,0,11526.0
2025-11-25 20:25:02.533259,22.9,62.1,5.45,1,0,1,0,banana,1.8,0,10,0,13370.0
2025-11-25 20:25:07.533259,22.4,62.5,5.66,0,1,0,0,banana,1.8,15,0,20,8753.0
2025-11-25 20:25:12.533259,22.5,64.7,5.35,1,0,0,0,banana,1.5,0,10,20,9757.0
2025-11-25 20:25:17.533259,21.5,62.0,5.42,0,1,0,0,banana,1.8,15,0,20,9449.0
2025-11-25 20:25:22.533259,21.4,58.4,5.56,1,1,1,0,banana,2.2,0,0,0,15998.0
2025-11-25 20:25:27.533259,22.2,61.0,5.66,0,1,0,0,banana,1.9,15,0,20,9730.0
2025-11-25 20:25:32.533259,21.7,59.2,5.58,0,0,0,0,banana,2.1,15,10,20,7898.0
2025-11-25 20:25:37.533259,22.6,59.6,5.5,1,1,0,0,banana,2.0,0,0,20,11844.0
2025-11-25 20:25:42.533259,22.5,56.3,5.47,1,0,1,0,banana,2.4,0,10,0,13149.0
2025-11-25 20:25:47.533259,21.9,57.1,5.59,1,1,0,0,banana,2.3,0,0,20,12602.0
2025-11-25 20:25:52.533259,21.7,60.4,5.6,1,1,1,0,banana,2.0,0,0,0,14692.0
2025-11-25 20:25:57.533259,22.0,61.6,5.69,1,1,1,0,banana,1.8,0,0,0,15527.0
2025-11-25 20:26:02.533259,22.4,58.5,5.49,0,1,0,0,banana,2.1,15,0,20,9369.0
2025-11-25 20:26:07.533259,22.4,55.3,5.31,0,1,1,0,banana,2.5,15,0,0,12718.0
2025-11-25 20:26:12.533259,21.5,55.8,5.49,0,1,1,0,banana,2.4,15,0,0,11707.0
2025-11-25 20:26:17.533259,22.0,60.8,5.49,1,0,1,0,banana,1.9,0,10,0,13625.0
2025-11-25 20:26:22.533259,20.9,54.4,5.47,0,1,1,0,banana,2.6,15,0,0,12036.0
2025-11-25 20:26:27.533259,22.0,55.1,5.55,1,0,0,0,banana,2.5,0,10,20,11063.0
2025-11-25 20:26:32.533259,21.3,57.2,5.38,1,0,0,0,banana,2.3,0,10,20,10601.0
2025-11-25 20:26:37.533259,22.0,56.8,5.63,1,1,0,0,banana,2.3,0,0,20,12124.0
2025-11-25 20:26:42.533259,21.9,50.7,5.39,0,0,1,0,banana,2.9,15,10,0,11045.0
2025-11-25 20:26:47.533259,21.4,49.3,5.54,1,0,0,0,banana,3.1,0,10,20,8102.0
2025-11-25 20:26:52.533259,21.6,55.1,5.64,1,1,0,0,banana,2.5,0,0,20,11961.0
2025-11-25 20:26:57.533259,23.3,55.3,5.57,0,1,0,0,banana,2.5,15,0,20,9417.0
2025-11-25 20:27:02.533259,21.6,52.6,5.45,0,1,0,0,banana,2.7,15,0,20,9938.0
2025-11-25 20:27:07.533259,21.9,54.1,5.47,1,1,0,0,banana,2.6,0,0,20,12003.0
2025-11-25 20:27:12.533259,22.1,49.1,5.52,1,0,0,0,banana,3.1,0,10,20,8455.0
2025-11-25 20:27:17.533259,21.5,49.9,5.47,0,1,0,0,banana,3.0,15,0,20,7068.0
2025-11-25 20:27:22.533259,22.2,52.4,5.37,1,0,0,0,banana,2.8,0,10,20,10600.0
2025-11-25 20:27:27.533259,21.5,49.6,5.57,1,1,0,0,banana,3.0,0,0,20,9402.0
2025-11-25 20:27:32.533259,22.8,47.7,5.47,0,1,1,0,banana,3.2,15,0,0,9440.0
2025-11-25 20:27:37.533259,21.4,49.6,5.47,0,1,1,0,banana,3.0,15,0,0,8700.0
2025-11-25 20:27:42.533259,21.9,51.0,5.68,0,0,0,0,banana,2.9,15,10,20,7496.0
2025-11-25 20:27:47.533259,21.8,47.8,5.68,1,0,0,0,banana,3.2,0,10,20,8562.0
2025-11-25 20:27:52.533259,22.1,44.4,5.52,0,1,1,0,banana,3.6,15,0,0,9715.0
2025-11-25 20:27:57.533259,21.3,44.3,5.41,1,1,0,0,banana,3.6,0,0,20,9677.0
2025-11-25 20:28:02.533259,21.5,48.2,5.59,1,1,0,0,banana,3.2,0,0,20,9469.0
2025-11-25 20:28:07.533259,22.0,42.9,5.56,1,1,1,0,banana,3.7,0,0,0,11801.0
2025-11-25 20:28:12.533259,22.0,43.1,5.35,1,1,0,0,banana,3.7,0,0,20,9991.0
2025-11-25 20:28:17.533259,21.7,42.7,5.51,1,1,0,0,banana,3.7,0,0,20,9165.0
2025-11-25 20:28:22.533259,22.0,43.5,5.29,1,0,0,0,banana,3.6,0,10,20,8662.0
2025-11-25 20:28:27.533259,22.6,46.2,5.34,1,1,1,0,banana,3.4,0,0,0,11794.0
2025-11-25 20:28:32.533259,22.1,38.0,5.44,1,0,1,1,banana,7.4,0,10,0,10851.0
2025-11-25 20:28:37.533259,21.5,45.5,5.32,1,1,0,1,banana,3.5,0,0,20,9658.0
2025-11-25 20:28:42.533259,22.4,47.6,5.53,1,1,0,1,banana,3.2,0,0,20,10007.0
2025-11-25 20:28:47.533259,22.3,46.8,5.36,1,0,0,1,banana,3.3,0,10,20,9336.0
2025-11-25 20:28:52.533259,21.6,50.8,5.62,1,1,0,1,banana,2.9,0,0,20,11355.0
2025-11-25 20:28:57.533259,21.9,47.6,5.47,1,1,0,1,banana,3.2,0,0,20,9378.0
2025-11-25 20:29:02.533259,22.0,51.5,5.47,1,0,1,1,banana,2.8,0,10,0,13858.0
2025-11-25 20:29:07.533259,21.2,57.1,5.5,1,1,0,1,banana,2.3,0,0,20,11727.0
2025-11-25 20:29:12.533259,21.8,58.4,5.68,1,0,0,1,banana,2.2,0,10,20,11167.0
2025-11-25 20:29:17.533259,22.1,59.6,5.31,1,1,0,1,banana,2.0,0,0,20,11881.0
2025-11-25 20:29:22.533259,21.9,63.6,5.46,0,1,0,1,banana,1.6,15,0,20,8980.0
2025-11-25 20:29:27.533259,22.4,64.6,5.56,1,1,0,1,banana,1.5,0,0,20,12404.0
2025-11-25 20:29:32.533259,22.8,65.8,5.33,0,0,0,1,banana,1.4,15,10,20,8697.0
2025-11-25 20:29:37.533259,22.2,67.6,5.45,0,1,0,1,banana,1.2,15,0,20,8906.0
2025-11-25 20:29:42.533259,21.8,70.5,5.41,0,1,0,1,banana,0.0,15,0,20,8052.0
2025-11-25 20:29:47.533259,22.9,73.6,5.49,0,1,0,1,banana,0.0,15,0,20,7212.0
2025-11-25 20:29:52.533259,22.5,75.0,5.48,1,1,0,0,banana,0.0,0,0,20,9066.0
2025-11-25 20:29:57.533259,23.1,77.1,5.61,1,1,0,0,banana,0.0,0,0,20,9112.0
2025-11-25 20:30:02.533259,22.0,68.9,5.6,1,1,1,0,banana,1.1,0,0,0,15610.0
2025-11-25 20:30:07.533259,22.5,70.6,5.52,1,1,0,0,banana,0.0,0,0,20,9086.0
2025-11-25 20:30:12.533259,22.3,70.4,5.46,1,0,0,0,banana,0.0,0,10,20,8545.0
2025-11-25 20:30:17.533259,21.7,73.2,5.43,1,1,1,0,banana,0.0,0,0,0,12580.0
2025-11-25 20:30:22.533259,21.4,71.1,5.5,0,0,0,0,banana,0.0,15,10,20,7060.0
2025-11-25 20:30:27.533259,22.2,69.8,5.47,1,0,0,0,banana,1.0,0,10,20,9653.0
2025-11-25 20:30:32.533259,22.3,72.3,5.43,1,1,1,0,banana,0.0,0,0,0,13287.0
2025-11-25 20:30:37.533259,20.8,69.9,5.68,1,0,1,0,banana,1.0,0,10,0,13967.0
2025-11-25 20:30:42.533259,22.3,68.1,5.36,0,0,0,0,banana,1.2,15,10,20,8466.0
2025-11-25 20:30:47.533259,22.7,73.3,5.49,0,1,0,0,banana,0.0,15,0,20,6809.0
2025-11-25 20:30:52.533259,21.9,67.7,5.5,0,1,0,0,banana,1.2,15,0,20,9350.0
2025-11-25 20:30:57.533259,22.3,64.7,5.4,0,0,0,0,banana,1.5,15,10,20,8902.0
2025-11-25 20:31:02.533259,21.6,68.3,5.37,1,1,0,0,banana,1.2,0,0,20,12376.0
2025-11-25 20:31:07.533259,21.7,68.6,5.5,0,0,0,0,banana,1.1,15,10,20,8172.0
2025-11-25 20:31:12.533259,22.9,67.8,5.38,1,1,0,0,banana,1.2,0,0,20,11557.0
2025-11-25 20:31:17.533259,22.2,69.1,5.57,1,0,0,0,banana,1.1,0,10,20,11132.0
2025-11-25 20:31:22.533259,21.3,62.8,5.42,0,1,0,0,banana,1.7,15,0,20,9448.0
2025-11-25 20:31:27.533259,21.9,65.8,5.65,0,1,0,0,banana,1.4,15,0,20,8802.0
2025-11-25 20:31:32.533259,22.0,62.4,5.39,0,0,1,0,banana,1.8,15,10,0,11182.0
2025-11-25 20:31:37.533259,22.1,65.1,5.38,0,1,0,0,banana,1.5,15,0,20,9464.0
2025-11-25 20:31:42.533259,22.5,66.0,5.62,0,1,0,0,banana,1.4,15,0,20,8706.0
2025-11-25 20:31:47.533259,22.8,64.3,5.55,0,1,0,0,banana,1.6,15,0,20,9334.0
2025-11-25 20:31:52.533259,21.3,56.5,5.54,1,1,1,0,banana,2.3,0,0,0,15009.0
2025-11-25 20:31:57.533259,22.8,60.7,5.61,1,1,1,0,banana,1.9,0,0,0,15220.0
2025-11-25 20:32:02.533259,21.3,61.9,5.62,1,0,0,0,banana,1.8,0,10,20,10956.0
2025-11-25 20:32:07.533259,21.0,60.2,5.44,1,1,0,0,banana,2.0,0,0,20,12496.0
2025-11-25 20:32:12.533259,22.7,58.1,5.55,1,1,0,0,banana,2.2,0,0,20,11515.0
2025-11-25 20:32:17.533259,22.6,59.0,5.48,1,0,0,0,banana,2.1,0,10,20,10331.0
2025-11-25 20:32:22.533259,22.3,56.2,5.58,0,1,0,0,banana,2.4,15,0,20,9383.0
2025-11-25 20:32:27.533259,21.7,58.3,5.42,1,1,0,0,banana,2.2,0,0,20,11941.0
2025-11-25 20:32:32.533259,21.8,58.9,5.39,1,1,1,0,banana,2.1,0,0,0,15651.0
2025-11-25 20:32:37.533259,22.0,57.3,5.62,1,1,0,0,banana,2.3,0,0,20,13399.0
2025-11-25 20:32:42.533259,22.0,54.9,5.31,1,1,0,0,banana,2.5,0,0,20,11674.0
2025-11-25 20:32:47.533259,22.7,57.0,5.58,1,0,0,0,banana,2.3,0,10,20,10364.0
2025-11-25 20:32:52.533259,21.9,56.5,5.57,1,1,0,0,banana,2.3,0,0,20,12534.0
2025-11-25 20:32:57.533259,22.1,56.2,5.47,0,1,0,0,banana,2.4,15,0,20,9772.0
2025-11-25 20:33:02.533259,22.3,53.0,5.52,1,1,0,0,banana,2.7,0,0,20,12423.0
2025-11-25 20:33:07.533259,21.7,53.3,5.49,1,1,0,0,banana,2.7,0,0,20,12723.0
2025-11-25 20:33:12.533259,21.0,54.8,5.62,0,1,1,0,banana,2.5,15,0,0,12115.0
2025-11-25 20:33:17.533259,22.3,57.8,5.57,1,1,0,0,banana,2.2,0,0,20,12553.0
2025-11-25 20:33:22.533259,22.4,50.7,5.34,1,1,0,0,banana,2.9,0,0,20,12725.0
2025-11-25 20:33:27.533259,22.8,54.5,5.45,0,0,1,0,banana,2.5,15,10,0,9865.0
2025-11-25 20:33:32.533259,20.7,55.4,5.48,1,0,0,0,banana,2.5,0,10,20,10238.0
2025-11-25 20:33:37.533259,22.7,51.5,5.42,1,1,0,0,banana,2.8,0,0,20,12065.0
2025-11-25 20:33:42.533259,22.0,54.2,5.49,1,0,0,0,banana,2.6,0,10,20,11400.0
2025-11-25 20:33:47.533259,22.5,49.5,5.53,0,1,0,0,banana,3.0,15,0,20,7364.0
2025-11-25 20:33:52.533259,22.2,49.4,5.32,1,1,0,0,banana,3.1,0,0,20,9529.0
2025-11-25 20:33:57.533259,22.2,47.8,5.57,0,1,1,0,banana,3.2,15,0,0,9225.0
2025-11-25 20:34:02.533259,21.5,50.0,5.59,1,1,0,0,banana,3.0,0,0,20,12118.0
2025-11-25 20:34:07.533259,22.9,47.5,5.55,1,1,0,0,banana,3.2,0,0,20,9226.0
2025-11-25 20:34:12.533259,22.1,43.7,5.5,1,1,0,0,banana,3.6,0,0,20,9005.0
2025-11-25 20:34:17.533259,21.0,44.9,5.66,1,1,0,0,banana,3.5,0,0,20,10468.0
2025-11-25 20:34:22.533259,21.1,49.6,5.51,1,1,0,0,banana,3.0,0,0,20,9729.0
2025-11-25 20:34:27.533259,20.7,47.1,5.55,1,1,0,0,banana,3.3,0,0,20,9204.0
2025-11-25 20:34:32.533259,21.9,47.5,5.57,1,1,1,0,banana,3.2,0,0,0,12242.0
2025-11-25 20:34:37.533259,22.2,46.3,5.53,0,1,0,0,banana,3.4,15,0,20,7063.0
2025-11-25 20:34:42.533259,22.4,44.9,5.57,1,1,1,0,banana,3.5,0,0,0,11835.0
2025-11-25 20:34:47.533259,21.1,41.2,5.39,1,1,0,0,banana,3.9,0,0,20,10129.0
2025-11-25 20:34:52.533259,22.7,45.4,5.36,1,1,0,0,banana,3.5,0,0,20,10313.0
2025-11-25 20:34:57.533259,22.0,44.8,5.63,0,0,0,0,banana,3.5,15,10,20,6447.0
2025-11-25 20:35:02.533259,21.7,42.2,5.71,1,0,0,0,banana,3.8,0,10,20,8124.0
2025-11-25 20:35:07.533259,21.8,43.0,5.5,0,1,1,0,banana,3.7,15,0,0,9649.0
2025-11-25 20:35:12.533259,21.0,43.8,5.57,0,0,0,0,banana,3.6,15,10,20,5496.0
2025-11-25 20:35:17.533259,21.6,45.0,5.63,1,1,0,0,banana,3.5,0,0,20,10909.0
2025-11-25 20:35:22.533259,23.0,41.8,5.58,1,1,0,0,banana,3.8,0,0,20,8989.0
2025-11-25 20:35:27.533259,21.7,41.8,5.55,1,0,0,0,banana,3.8,0,10,20,8690.0
2025-11-25 20:35:32.533259,22.9,36.3,5.45,0,0,1,1,banana,7.7,15,10,0,8513.0
2025-11-25 20:35:37.533259,21.8,43.1,5.55,1,1,1,1,banana,3.7,0,0,0,12491.0
2025-11-25 20:35:42.533259,21.9,46.6,5.66,0,1,1,1,banana,3.3,15,0,0,10078.0
2025-11-25 20:35:47.533259,21.4,42.6,5.52,1,1,0,1,banana,3.7,0,0,20,9633.0
2025-11-25 20:35:52.533259,21.9,52.0,5.45,1,1,0,1,banana,2.8,0,0,20,12088.0
2025-11-25 20:35:57.533259,22.6,50.2,5.56,1,1,0,1,banana,3.0,0,0,20,12663.0
2025-11-25 20:36:02.533259,21.8,50.3,5.67,1,0,1,1,banana,3.0,0,10,0,13555.0
2025-11-25 20:36:07.533259,22.9,55.5,5.57,1,0,0,1,banana,2.4,0,10,20,10673.0
2025-11-25 20:36:12.533259,21.6,55.7,5.63,0,1,0,1,banana,2.4,15,0,20,9942.0
2025-11-25 20:36:17.533259,22.2,55.8,5.48,0,1,0,1,banana,2.4,15,0,20,9026.0
2025-11-25 20:36:22.533259,21.6,59.3,5.64,1,0,1,1,banana,2.1,0,10,0,14413.0
2025-11-25 20:36:27.533259,22.0,61.8,5.5,0,1,0,1,banana,1.8,15,0,20,9670.0
2025-11-25 20:36:32.533259,21.6,60.8,5.4,1,1,0,1,banana,1.9,0,0,20,11883.0
2025-11-25 20:36:37.533259,22.5,67.8,5.38,1,1,0,1,banana,1.2,0,0,20,11132.0
2025-11-25 20:36:42.533259,21.6,68.4,5.64,1,1,1,1,banana,1.2,0,0,0,15042.0
2025-11-25 20:36:47.533259,22.0,69.1,5.49,0,1,1,1,banana,1.1,15,0,0,11522.0
2025-11-25 20:36:52.533259,22.0,70.3,5.49,0,0,0,1,banana,0.0,15,10,20,6240.0
2025-11-25 20:36:57.533259,21.5,71.6,5.5,1,1,0,1,banana,0.0,0,0,20,10141.0
2025-11-25 20:37:02.533259,22.4,75.4,5.36,1,1,0,0,banana,0.0,0,0,20,9882.0
2025-11-25 20:37:07.533259,22.2,75.3,5.46,0,1,1,0,banana,0.0,15,0,0,9536.0
2025-11-25 20:37:12.533259,21.6,76.6,5.62,0,1,1,0,banana,0.0,15,0,0,10028.0
2025-11-25 20:37:17.533259,21.9,77.4,5.63,1,1,0,0,banana,0.0,0,0,20,9561.0
2025-11-25 20:37:22.533259,21.9,75.0,5.75,1,0,1,0,banana,0.0,0,10,0,10037.0
2025-11-25 20:37:27.533259,22.3,71.9,5.5,1,0,1,0,banana,0.0,0,10,0,10868.0
2025-11-25 20:37:32.533259,20.8,71.7,5.6,1,0,0,0,banana,0.0,0,10,20,9687.0
2025-11-25 20:37:37.533259,21.5,68.6,5.44,1,1,0,0,banana,1.1,0,0,20,11424.0
2025-11-25 20:37:42.533259,21.9,71.2,5.43,0,1,0,0,banana,0.0,15,0,20,7395.0
2025-11-25 20:37:47.533259,22.2,74.1,5.6,1,1,0,0,banana,0.0,0,0,20,9629.0
2025-11-25 20:37:52.533259,22.2,68.3,5.49,1,0,0,0,banana,1.2,0,10,20,10903.0
2025-11-25 20:37:57.533259,22.0,70.8,5.54,1,1,0,0,banana,0.0,0,0,20,8801.0
2025-11-25 20:38:02.533259,21.5,69.2,5.34,1,0,0,0,banana,1.1,0,10,20,11172.0
2025-11-25 20:38:07.533259,22.1,70.9,5.56,0,1,1,0,banana,0.0,15,0,0,9050.0
2025-11-25 20:38:12.533259,21.8,69.6,5.48,1,1,0,0,banana,1.0,0,0,20,12387.0
2025-11-25 20:38:17.533259,22.0,71.2,5.54,0,1,1,0,banana,0.0,15,0,0,9375.0
2025-11-25 20:38:22.533259,21.7,66.0,5.38,0,0,1,0,banana,1.4,15,10,0,10560.0
2025-11-25 20:38:27.533259,21.4,72.4,5.5,0,1,0,0,banana,0.0,15,0,20,8093.0
2025-11-25 20:38:32.533259,21.3,68.2,5.63,1,1,1,0,banana,1.2,0,0,0,15242.0
2025-11-25 20:38:37.533259,21.4,62.6,5.34,1,1,0,0,banana,1.7,0,0,20,11851.0
2025-11-25 20:38:42.533259,21.8,65.6,5.28,1,1,0,0,banana,1.4,0,0,20,11957.0
2025-11-25 20:38:47.533259,22.2,66.2,5.49,0,0,0,0,banana,1.4,15,10,20,6901.0
2025-11-25 20:38:52.533259,21.7,64.1,5.61,1,1,0,0,banana,1.6,0,0,20,12633.0
2025-11-25 20:38:57.533259,21.0,63.0,5.45,0,0,0,0,banana,1.7,15,10,20,8457.0
2025-11-25 20:39:02.533259,21.6,63.2,5.59,1,1,0,0,banana,1.7,0,0,20,12698.0
2025-11-25 20:39:07.533259,21.5,62.0,5.52,1,1,0,0,banana,1.8,0,0,20,12358.0
2025-11-25 20:39:12.533259,21.4,64.0,5.53,1,1,0,0,banana,1.6,0,0,20,11738.0
2025-11-25 20:39:17.533259,21.6,64.1,5.45,1,1,0,0,banana,1.6,0,0,20,11308.0
2025-11-25 20:39:22.533259,22.3,59.4,5.45,1,1,0,0,banana,2.1,0,0,20,12896.0
2025-11-25 20:39:27.533259,21.5,60.2,5.56,1,0,0,0,banana,2.0,0,10,20,9808.0
2025-11-25 20:39:32.533259,21.3,64.7,5.4,1,0,1,0,banana,1.5,0,10,0,13865.0
2025-11-25 20:39:37.533259,21.1,60.9,5.41,1,1,0,0,banana,1.9,0,0,20,11753.0
2025-11-25 20:39:42.533259,22.1,58.8,5.3,1,1,1,0,banana,2.1,0,0,0,15746.0
2025-11-25 20:39:47.533259,22.2,58.6,5.46,0,1,0,0,banana,2.1,15,0,20,9435.0
2025-11-25 20:39:52.533259,22.3,63.3,5.43,1,1,0,0,banana,1.7,0,0,20,12351.0
2025-11-25 20:39:57.533259,21.1,59.8,5.26,1,1,0,0,banana,2.0,0,0,20,12227.0
2025-11-25 20:40:02.533259,21.3,58.7,5.53,1,0,1,0,banana,2.1,0,10,0,13923.0
2025-11-25 20:40:07.533259,23.1,60.9,5.5,1,0,0,0,banana,1.9,0,10,20,10688.0
2025-11-25 20:40:12.533259,21.8,54.7,5.53,0,1,0,0,banana,2.5,15,0,20,9364.0
2025-11-25 20:40:17.533259,21.4,58.6,5.49,0,0,0,0,banana,2.1,15,10,20,8591.0
2025-11-25 20:40:22.533259,21.7,53.8,5.57,0,0,1,0,banana,2.6,15,10,0,11491.0
2025-11-25 20:40:27.533259,21.8,58.1,5.36,1,1,0,0,banana,2.2,0,0,20,11923.0
2025-11-25 20:40:32.533259,20.8,55.5,5.41,1,1,0,0,banana,2.4,0,0,20,11904.0
2025-11-25 20:40:37.533259,21.5,55.5,5.58,1,1,1,0,banana,2.4,0,0,0,15503.0
2025-11-25 20:40:42.533259,22.7,52.6,5.45,0,1,0,0,banana,2.7,15,0,20,8560.0
2025-11-25 20:40:47.533259,22.3,53.3,5.62,1,1,0,0,banana,2.7,0,0,20,12455.0
2025-11-25 20:40:52.533259,21.5,50.4,5.52,1,1,0,0,banana,3.0,0,0,20,12418.0
2025-11-25 20:40:57.533259,21.5,54.0,5.63,1,1,1,0,banana,2.6,0,0,0,16095.0
2025-11-25 20:41:02.533259,22.4,56.5,5.47,0,1,0,0,banana,2.3,15,0,20,9043.0
2025-11-25 20:41:07.533259,22.5,53.3,5.37,1,0,0,0,banana,2.7,0,10,20,10761.0
2025-11-25 20:41:12.533259,21.8,51.8,5.51,1,1,1,0,banana,2.8,0,0,0,15694.0
2025-11-25 20:41:17.533259,22.5,50.8,5.47,1,1,1,0,banana,2.9,0,0,0,14629.0
2025-11-25 20:41:22.533259,20.8,51.2,5.51,0,1,1,0,banana,2.9,15,0,0,12441.0
2025-11-25 20:41:27.533259,21.3,48.3,5.69,1,1,0,0,banana,3.2,0,0,20,9632.0
2025-11-25 20:41:32.533259,22.2,50.5,5.53,1,1,1,0,banana,2.9,0,0,0,15616.0
2025-11-25 20:41:37.533259,21.3,50.7,5.33,1,1,0,0,banana,2.9,0,0,20,12577.0
2025-11-25 20:41:42.533259,22.0,51.0,5.61,1,1,0,0,banana,2.9,0,0,20,11859.0
2025-11-25 20:41:47.533259,21.4,49.4,5.45,1,1,0,0,banana,3.1,0,0,20,8929.0
2025-11-25 20:41:52.533259,21.5,45.1,5.43,1,1,0,0,banana,3.5,0,0,20,10014.0
2025-11-25 20:41:57.533259,22.6,44.5,5.42,1,1,1,0,banana,3.5,0,0,0,13343.0
2025-11-25 20:42:02.533259,21.9,45.1,5.57,1,0,0,0,banana,3.5,0,10,20,8456.0
2025-11-25 20:42:07.533259,22.0,47.7,5.6,1,1,0,0,banana,3.2,0,0,20,9379.0
2025-11-25 20:42:12.533259,21.8,46.0,5.43,1,0,1,0,banana,3.4,0,10,0,11442.0
2025-11-25 20:42:17.533259,22.0,46.3,5.56,1,0,0,0,banana,3.4,0,10,20,8024.0
2025-11-25 20:42:22.533259,22.0,44.5,5.56,1,1,0,0,banana,3.5,0,0,20,10142.0
2025-11-25 20:42:27.533259,21.3,44.7,5.54,1,0,0,0,banana,3.5,0,10,20,7750.0
2025-11-25 20:42:32.533259,20.9,41.7,5.65,1,1,0,0,banana,3.8,0,0,20,8991.0
2025-11-25 20:42:37.533259,21.2,44.6,5.66,0,1,0,0,banana,3.5,15,0,20,7580.0
2025-11-25 20:42:42.533259,21.7,38.2,5.34,1,0,0,1,banana,7.4,0,10,20,8238.0
2025-11-25 20:42:47.533259,21.5,39.8,5.46,0,0,0,1,banana,7.0,15,10,20,6307.0
2025-11-25 20:42:52.533259,21.5,48.1,5.45,1,0,1,1,banana,3.2,0,10,0,11265.0
2025-11-25 20:42:57.533259,21.6,45.4,5.55,1,1,0,1,banana,3.5,0,0,20,9354.0
2025-11-25 20:43:02.533259,21.7,47.8,5.39,0,0,0,1,banana,3.2,15,10,20,7043.0
2025-11-25 20:43:07.533259,22.3,56.8,5.54,1,1,0,1,banana,2.3,0,0,20,13012.0
2025-11-25 20:43:12.533259,22.0,54.3,5.48,0,1,0,1,banana,2.6,15,0,20,8394.0
2025-11-25 20:43:17.533259,21.4,57.3,5.48,0,1,1,1,banana,2.3,15,0,0,11506.0
2025-11-25 20:43:22.533259,20.8,54.5,5.4,0,0,0,1,banana,2.5,15,10,20,7800.0
2025-11-25 20:43:27.533259,21.2,59.2,5.38,1,1,0,1,banana,2.1,0,0,20,11336.0
2025-11-25 20:43:32.533259,22.1,62.7,5.68,1,0,0,1,banana,1.7,0,10,20,11192.0
2025-11-25 20:43:37.533259,21.5,62.6,5.38,1,0,1,1,banana,1.7,0,10,0,13702.0
2025-11-25 20:43:42.533259,21.9,68.0,5.5,1,1,0,1,banana,1.2,0,0,20,11884.0
2025-11-25 20:43:47.533259,22.0,69.8,5.65,0,1,0,1,banana,1.0,15,0,20,9557.0
2025-11-25 20:43:52.533259,21.4,69.4,5.54,0,0,0,1,banana,1.1,15,10,20,8324.0
2025-11-25 20:43:57.533259,21.8,67.6,5.41,1,0,0,1,banana,1.2,0,10,20,10329.0
2025-11-25 20:44:02.533259,21.9,72.4,5.38,0,1,0,1,banana,0.0,15,0,20,8026.0
2025-11-25 20:44:07.533259,22.1,75.0,5.51,1,1,0,1,banana,0.0,0,0,20,9646.0
2025-11-25 20:44:12.533259,21.3,75.9,5.59,1,1,0,0,banana,0.0,0,0,20,9611.0
2025-11-25 20:44:17.533259,21.8,78.5,5.55,1,1,0,0,banana,0.0,0,0,20,9390.0
2025-11-25 20:44:22.533259,22.0,76.0,5.57,1,1,1,0,banana,0.0,0,0,0,12450.0
2025-11-25 20:44:27.533259,21.5,73.5,5.64,1,1,0,0,banana,0.0,0,0,20,10943.0
2025-11-25 20:44:32.533259,22.7,76.9,5.52,1,0,1,0,banana,0.0,0,10,0,10787.0
2025-11-25 20:44:37.533259,21.0,76.2,5.47,1,1,1,0,banana,0.0,0,0,0,11990.0
2025-11-25 20:44:42.533259,21.4,74.5,5.29,1,0,1,0,banana,0.0,0,10,0,10694.0
2025-11-25 20:44:47.533259,21.7,77.1,5.57,0,0,1,0,banana,0.0,15,10,0,8124.0
2025-11-25 20:44:52.533259,22.1,75.6,5.42,1,1,0,0,banana,0.0,0,0,20,9354.0
2025-11-25 20:44:57.533259,21.1,72.3,5.46,0,1,0,0,banana,0.0,15,0,20,7609.0
2025-11-25 20:45:02.533259,21.2,75.1,5.51,1,0,1,0,banana,0.0,0,10,0,11140.0
2025-11-25 20:45:07.533259,21.6,72.9,5.66,1,1,0,0,banana,0.0,0,0,20,9169.0
2025-11-25 20:45:12.533259,21.6,73.3,5.54,0,1,0,0,banana,0.0,15,0,20,8103.0
2025-11-25 20:45:17.533259,21.9,72.7,5.38,1,1,0,0,banana,0.0,0,0,20,9940.0
2025-11-25 20:45:22.533259,21.7,69.2,5.81,0,1,0,0,banana,1.1,15,0,20,9133.0
2025-11-25 20:45:27.533259,21.5,73.2,5.43,0,1,0,0,banana,0.0,15,0,20,7911.0
2025-11-25 20:45:32.533259,21.4,73.2,5.54,0,0,1,0,banana,0.0,15,10,0,8933.0
2025-11-25 20:45:37.533259,21.6,67.1,5.49,1,0,0,0,banana,1.3,0,10,20,11271.0
2025-11-25 20:45:42.533259,22.5,72.4,5.6,1,1,0,0,banana,0.0,0,0,20,9520.0
2025-11-25 20:45:47.533259,21.0,71.2,5.59,1,1,1,0,banana,0.0,0,0,0,11509.0
2025-11-25 20:45:52.533259,21.1,67.0,5.43,1,0,0,0,banana,1.3,0,10,20,10615.0
2025-11-25 20:45:57.533259,21.1,68.8,5.49,1,1,0,0,banana,1.1,0,0,20,12045.0
2025-11-25 20:46:02.533259,22.8,66.1,5.52,0,0,0,0,banana,1.4,15,10,20,7618.0
2025-11-25 20:46:07.533259,22.4,67.6,5.36,1,1,0,0,banana,1.2,0,0,20,12491.0
2025-11-25 20:46:12.533259,20.9,62.7,5.48,1,0,1,0,banana,1.7,0,10,0,13377.0
2025-11-25 20:46:17.533259,22.1,64.7,5.6,0,0,0,0,banana,1.5,15,10,20,8647.0
2025-11-25 20:46:22.533259,22.1,65.8,5.59,1,0,1,0,banana,1.4,0,10,0,14000.0
2025-11-25 20:46:27.533259,21.8,64.1,5.52,1,1,0,0,banana,1.6,0,0,20,11859.0
2025-11-25 20:46:32.533259,22.0,63.2,5.55,1,1,0,0,banana,1.7,0,0,20,13012.0
2025-11-25 20:46:37.533259,21.7,61.8,5.61,1,1,1,0,banana,1.8,0,0,0,15959.0
2025-11-25 20:46:42.533259,22.5,64.1,5.35,1,0,0,0,banana,1.6,0,10,20,11350.0
2025-11-25 20:46:47.533259,21.4,63.1,5.53,1,1,1,0,banana,1.7,0,0,0,15354.0
2025-11-25 20:46:52.533259,21.5,61.7,5.58,0,1,0,0,banana,1.8,15,0,20,9137.0
2025-11-25 20:46:57.533259,21.8,62.1,5.5,0,0,0,0,banana,1.8,15,10,20,7861.0
2025-11-25 20:47:02.533259,22.4,62.3,5.51,1,1,0,0,banana,1.8,0,0,20,11987.0
2025-11-25 20:47:07.533259,21.3,63.6,5.56,1,1,0,0,banana,1.6,0,0,20,11625.0
2025-11-25 20:47:12.533259,21.8,59.3,5.54,0,1,1,0,banana,2.1,15,0,0,11150.0
2025-11-25 20:47:17.533259,20.9,56.9,5.46,1,1,0,0,banana,2.3,0,0,20,12238.0
2025-11-25 20:47:22.533259,21.7,57.6,5.49,1,1,0,0,banana,2.2,0,0,20,12934.0
2025-11-25 20:47:27.533259,21.2,56.9,5.61,1,1,1,0,banana,2.3,0,0,0,15953.0
2025-11-25 20:47:32.533259,22.2,58.7,5.47,0,1,0,0,banana,2.1,15,0,20,8954.0
2025-11-25 20:47:37.533259,22.8,57.5,5.6,0,0,1,0,banana,2.2,15,10,0,10860.0
2025-11-25 20:47:42.533259,22.2,56.3,5.69,0,0,1,0,banana,2.4,15,10,0,12531.0
2025-11-25 20:47:47.533259,21.2,58.1,5.54,0,0,0,0,banana,2.2,15,10,20,8001.0
2025-11-25 20:47:52.533259,21.3,55.5,5.64,1,1,0,0,banana,2.4,0,0,20,12142.0
2025-11-25 20:47:57.533259,22.3,54.3,5.41,1,1,1,0,banana,2.6,0,0,0,15561.0
2025-11-25 20:48:02.533259,21.2,56.0,5.45,1,1,0,0,banana,2.4,0,0,20,12181.0
2025-11-25 20:48:07.533259,21.4,55.6,5.37,0,0,1,0,banana,2.4,15,10,0,9540.0
2025-11-25 20:48:12.533259,21.0,55.4,5.5,1,1,0,0,banana,2.5,0,0,20,11558.0
2025-11-25 20:48:17.533259,21.4,49.9,5.53,0,1,1,0,banana,3.0,15,0,0,10129.0
2025-11-25 20:48:22.533259,22.1,51.0,5.47,0,1,0,0,banana,2.9,15,0,20,8590.0
2025-11-25 20:48:27.533259,21.7,51.2,5.66,0,1,1,0,banana,2.9,15,0,0,11085.0
2025-11-25 20:48:32.533259,21.6,47.5,5.44,1,1,0,0,banana,3.2,0,0,20,9824.0
2025-11-25 20:48:37.533259,21.8,52.7,5.62,1,1,1,0,banana,2.7,0,0,0,15133.0
2025-11-25 20:48:42.533259,22.4,52.3,5.54,1,1,0,0,banana,2.8,0,0,20,12586.0
2025-11-25 20:48:47.533259,21.4,53.3,5.52,0,1,0,0,banana,2.7,15,0,20,9274.0
2025-11-25 20:48:52.533259,21.2,51.2,5.41,1,0,0,0,banana,2.9,0,10,20,10637.0
2025-11-25 20:48:57.533259,21.7,48.7,5.42,1,1,0,0,banana,3.1,0,0,20,9527.0
2025-11-25 20:49:02.533259,21.5,48.4,5.47,0,1,0,0,banana,3.2,15,0,20,6824.0
2025-11-25 20:49:07.533259,22.0,51.4,5.63,1,0,0,0,banana,2.9,0,10,20,11441.0
2025-11-25 20:49:12.533259,21.5,48.0,5.6,1,1,1,0,banana,3.2,0,0,0,12681.0
2025-11-25 20:49:17.533259,21.6,42.6,5.38,1,1,0,0,banana,3.7,0,0,20,9870.0
2025-11-25 20:49:22.533259,21.7,44.6,5.56,0,1,0,0,banana,3.5,15,0,20,7612.0
2025-11-25 20:49:27.533259,21.3,46.5,5.4,0,1,0,0,banana,3.3,15,0,20,7821.0
2025-11-25 20:49:32.533259,21.7,45.8,5.48,0,1,0,0,banana,3.4,15,0,20,7483.0
2025-11-25 20:49:37.533259,21.6,41.2,5.55,0,1,0,0,banana,3.9,15,0,20,6466.0
2025-11-25 20:49:42.533259,21.4,46.2,5.58,1,1,1,0,banana,3.4,0,0,0,11786.0
2025-11-25 20:49:47.533259,21.4,43.2,5.53,1,1,0,0,banana,3.7,0,0,20,10212.0
2025-11-25 20:49:52.533259,22.6,42.7,5.38,1,0,1,0,banana,3.7,0,10,0,11511.0
2025-11-25 20:49:57.533259,21.7,45.5,5.66,1,1,1,0,banana,3.5,0,0,0,12010.0
2025-11-25 20:50:02.533259,22.4,42.1,5.47,1,1,0,0,banana,3.8,0,0,20,9733.0
2025-11-25 20:50:07.533259,21.5,39.4,5.38,0,1,1,1,banana,7.1,15,0,0,8910.0
2025-11-25 20:50:12.533259,21.2,47.9,5.71,1,1,0,1,banana,3.2,0,0,20,9198.0
2025-11-25 20:50:17.533259,21.0,44.3,5.45,0,0,1,1,banana,3.6,15,10,0,8688.0
2025-11-25 20:50:22.533259,21.5,50.0,5.44,0,1,0,1,banana,3.0,15,0,20,8959.0
2025-11-25 20:50:27.533259,21.5,46.8,5.44,1,0,0,1,banana,3.3,0,10,20,8435.0
2025-11-25 20:50:32.533259,21.0,53.2,5.56,1,1,0,1,banana,2.7,0,0,20,11680.0
2025-11-25 20:50:37.533259,22.4,52.5,5.53,1,1,1,1,banana,2.8,0,0,0,16184.0
2025-11-25 20:50:42.533259,21.7,55.4,5.67,0,0,1,1,banana,2.5,15,10,0,10819.0
2025-11-25 20:50:47.533259,21.8,58.0,5.47,0,1,0,1,banana,2.2,15,0,20,8731.0
2025-11-25 20:50:52.533259,20.5,59.5,5.69,1,0,0,1,banana,2.0,0,10,20,10437.0
2025-11-25 20:50:57.533259,21.0,63.8,5.52,0,1,0,1,banana,1.6,15,0,20,9759.0
2025-11-25 20:51:02.533259,21.5,66.2,5.46,1,1,0,1,banana,1.4,0,0,20,11857.0
2025-11-25 20:51:07.533259,21.6,66.8,5.65,0,1,1,1,banana,1.3,15,0,0,11552.0
2025-11-25 20:51:12.533259,22.2,68.5,5.45,1,0,0,1,banana,1.1,0,10,20,10456.0
2025-11-25 20:51:17.533259,21.2,65.4,5.5,0,0,1,1,banana,1.5,15,10,0,11181.0
2025-11-25 20:51:22.533259,21.0,73.9,5.25,1,1,0,1,banana,0.0,0,0,20,10399.0
2025-11-25 20:51:27.533259,22.0,76.9,5.4,1,0,0,0,banana,0.0,0,10,20,8208.0
2025-11-25 20:51:32.533259,21.3,75.6,5.29,0,0,1,0,banana,0.0,15,10,0,9649.0
2025-11-25 20:51:37.533259,22.7,75.5,5.49,0,0,1,0,banana,0.0,15,10,0,8837.0
2025-11-25 20:51:42.533259,22.0,67.1,5.45,0,0,0,0,banana,1.3,15,10,20,8878.0
2025-11-25 20:51:47.533259,22.7,70.0,5.71,0,1,0,0,banana,1.0,15,0,20,9050.0
2025-11-25 20:51:52.533259,21.6,76.2,5.65,0,1,0,0,banana,0.0,15,0,20,7179.0
2025-11-25 20:51:57.533259,22.2,70.5,5.38,0,1,0,0,banana,0.0,15,0,20,7198.0
2025-11-25 20:52:02.533259,20.7,67.8,5.52,0,1,0,0,banana,1.2,15,0,20,9051.0
2025-11-25 20:52:07.533259,21.2,70.4,5.43,0,0,0,0,banana,0.0,15,10,20,6688.0
2025-11-25 20:52:12.533259,21.7,69.0,5.64,0,1,1,0,banana,1.1,15,0,0,11701.0
2025-11-25 20:52:17.533259,21.3,69.7,5.31,1,0,1,0,banana,1.0,0,10,0,15049.0
2025-11-25 20:52:22.533259,20.9,70.8,5.42,1,1,0,0,banana,0.0,0,0,20,9447.0
2025-11-25 20:52:27.533259,21.9,66.7,5.64,1,1,0,0,banana,1.3,0,0,20,11576.0
2025-11-25 20:52:32.533259,21.5,69.3,5.46,1,1,0,0,banana,1.1,0,0,20,11879.0
2025-11-25 20:52:37.533259,20.9,70.0,5.38,0,1,1,0,banana,1.0,15,0,0,11969.0
2025-11-25 20:52:42.533259,21.0,67.2,5.66,1,1,0,0,banana,1.3,0,0,20,11703.0
2025-11-25 20:52:47.533259,22.2,69.2,5.49,1,1,0,0,banana,1.1,0,0,20,12196.0
2025-11-25 20:52:52.533259,22.8,64.5,5.42,0,0,0,0,banana,1.5,15,10,20,8368.0
2025-11-25 20:52:57.533259,21.1,63.5,5.47,0,1,1,0,banana,1.6,15,0,0,13291.0
2025-11-25 20:53:02.533259,21.7,69.0,5.64,0,1,0,0,banana,1.1,15,0,20,9156.0
2025-11-25 20:53:07.533259,21.9,62.2,5.61,1,0,1,0,banana,1.8,0,10,0,12874.0
2025-11-25 20:53:12.533259,21.8,63.4,5.51,1,1,0,0,banana,1.7,0,0,20,11430.0
2025-11-25 20:53:17.533259,21.6,66.1,5.59,1,1,1,0,banana,1.4,0,0,0,15583.0
2025-11-25 20:53:22.533259,21.0,61.5,5.39,0,0,0,0,banana,1.8,15,10,20,8196.0
2025-11-25 20:53:27.533259,21.4,59.6,5.42,0,1,1,0,banana,2.0,15,0,0,12306.0
2025-11-25 20:53:32.533259,21.5,56.8,5.29,1,1,0,0,banana,2.3,0,0,20,12256.0
2025-11-25 20:53:37.533259,20.8,60.5,5.58,1,0,1,0,banana,1.9,0,10,0,12998.0
2025-11-25 20:53:42.533259,21.7,63.9,5.67,0,0,0,0,banana,1.6,15,10,20,7666.0
2025-11-25 20:53:47.533259,21.5,61.6,5.47,1,0,1,0,banana,1.8,0,10,0,13842.0
2025-11-25 20:53:52.533259,21.1,57.6,5.67,1,1,0,0,banana,2.2,0,0,20,11649.0
2025-11-25 20:53:57.533259,21.0,57.1,5.34,1,0,0,0,banana,2.3,0,10,20,10345.0
2025-11-25 20:54:02.533259,22.0,60.6,5.49,1,1,0,0,banana,1.9,0,0,20,11993.0
2025-11-25 20:54:07.533259,21.4,58.0,5.48,0,0,1,0,banana,2.2,15,10,0,10256.0
2025-11-25 20:54:12.533259,21.7,58.1,5.7,1,1,1,0,banana,2.2,0,0,0,14519.0
2025-11-25 20:54:17.533259,21.2,58.8,5.54,1,1,0,0,banana,2.1,0,0,20,12475.0
2025-11-25 20:54:22.533259,21.7,53.5,5.25,1,1,0,0,banana,2.6,0,0,20,12706.0
2025-11-25 20:54:27.533259,20.8,55.1,5.53,0,0,0,0,banana,2.5,15,10,20,8491.0
2025-11-25 20:54:32.533259,21.2,58.4,5.45,1,0,0,0,banana,2.2,0,10,20,10784.0
2025-11-25 20:54:37.533259,22.2,53.9,5.38,1,1,0,0,banana,2.6,0,0,20,12302.0
2025-11-25 20:54:42.533259,22.0,54.6,5.59,1,1,0,0,banana,2.5,0,0,20,12202.0
2025-11-25 20:54:47.533259,21.2,57.2,5.39,1,0,0,0,banana,2.3,0,10,20,11057.0
2025-11-25 20:54:52.533259,21.1,56.1,5.68,1,1,1,0,banana,2.4,0,0,0,16297.0
2025-11-25 20:54:57.533259,21.8,54.8,5.62,1,0,0,0,banana,2.5,0,10,20,10539.0
2025-11-25 20:55:02.533259,21.7,54.3,5.62,1,1,0,0,banana,2.6,0,0,20,12176.0
2025-11-25 20:55:07.533259,22.0,53.0,5.53,1,1,1,0,banana,2.7,0,0,0,14870.0
2025-11-25 20:55:12.533259,21.6,53.6,5.41,0,1,0,0,banana,2.6,15,0,20,8855.0
2025-11-25 20:55:17.533259,21.8,50.1,5.45,0,1,0,0,banana,3.0,15,0,20,10677.0
2025-11-25 20:55:22.533259,21.3,51.6,5.52,0,0,0,0,banana,2.8,15,10,20,7932.0
2025-11-25 20:55:27.533259,21.9,48.1,5.45,1,1,1,0,banana,3.2,0,0,0,12605.0
2025-11-25 20:55:32.533259,21.5,47.2,5.51,0,1,1,0,banana,3.3,15,0,0,9530.0
2025-11-25 20:55:37.533259,20.7,50.7,5.58,0,1,0,0,banana,2.9,15,0,20,9582.0
2025-11-25 20:55:42.533259,20.8,45.6,5.52,0,1,1,0,banana,3.4,15,0,0,10101.0
2025-11-25 20:55:47.533259,21.4,48.7,5.38,1,0,0,0,banana,3.1,0,10,20,8558.0
2025-11-25 20:55:52.533259,21.1,47.5,5.69,1,1,0,0,banana,3.2,0,0,20,9547.0
2025-11-25 20:55:57.533259,22.5,48.4,5.44,1,1,0,0,banana,3.2,0,0,20,9868.0
2025-11-25 20:56:02.533259,22.2,45.9,5.65,0,1,0,0,banana,3.4,15,0,20,7364.0
2025-11-25 20:56:07.533259,21.3,46.1,5.43,1,1,1,0,banana,3.4,0,0,0,11856.0
2025-11-25 20:56:12.533259,21.8,45.4,5.51,1,1,1,0,banana,3.5,0,0,0,12814.0
2025-11-25 20:56:17.533259,21.3,44.1,5.53,0,1,1,0,banana,3.6,15,0,0,10540.0
2025-11-25 20:56:22.533259,21.5,44.0,5.46,1,1,1,0,banana,3.6,0,0,0,12394.0
2025-11-25 20:56:27.533259,21.5,43.7,5.55,0,1,0,0,banana,3.6,15,0,20,7298.0
2025-11-25 20:56:32.533259,20.6,46.0,5.53,0,1,1,0,banana,3.4,15,0,0,10067.0
2025-11-25 20:56:37.533259,21.8,46.9,5.38,1,0,0,0,banana,3.3,0,10,20,8874.0
2025-11-25 20:56:42.533259,22.0,41.1,5.53,0,0,1,0,banana,3.9,15,10,0,8536.0
2025-11-25 20:56:47.533259,21.5,44.5,5.58,1,1,0,0,banana,3.5,0,0,20,10387.0
2025-11-25 20:56:52.533259,21.6,43.7,5.58,1,0,0,0,banana,3.6,0,10,20,8408.0
2025-11-25 20:56:57.533259,21.5,40.2,5.7,1,1,1,0,banana,4.0,0,0,0,12088.0
2025-11-25 20:57:02.533259,21.5,40.1,5.39,1,1,0,0,banana,4.0,0,0,20,9635.0
2025-11-25 20:57:07.533259,21.8,41.8,5.43,1,1,1,0,banana,3.8,0,0,0,12309.0
2025-11-25 20:57:12.533259,21.9,41.7,5.51,1,1,1,0,banana,3.8,0,0,0,11525.0
2025-11-25 20:57:17.533259,22.4,40.5,5.41,1,1,0,0,banana,4.0,0,0,20,9331.0
2025-11-25 20:57:22.533259,21.4,41.8,5.63,1,1,1,0,banana,3.8,0,0,0,12671.0
2025-11-25 20:57:27.533259,21.4,38.0,5.4,1,1,0,1,banana,7.4,0,0,20,9127.0
2025-11-25 20:57:32.533259,20.7,43.0,5.62,0,1,0,1,banana,3.7,15,0,20,7564.0
2025-11-25 20:57:37.533259,21.1,42.0,5.61,1,0,0,1,banana,3.8,0,10,20,9127.0
2025-11-25 20:57:42.533259,21.4,47.3,5.58,1,0,1,1,banana,3.3,0,10,0,10912.0
2025-11-25 20:57:47.533259,21.3,49.0,5.4,1,1,1,1,banana,3.1,0,0,0,11808.0
2025-11-25 20:57:52.533259,21.4,45.8,5.57,1,1,1,1,banana,3.4,0,0,0,12368.0
2025-11-25 20:57:57.533259,22.0,50.1,5.46,1,0,0,1,banana,3.0,0,10,20,10281.0
2025-11-25 20:58:02.533259,20.9,52.4,5.47,1,1,0,1,banana,2.8,0,0,20,12656.0
2025-11-25 20:58:07.533259,21.2,59.2,5.56,1,1,1,1,banana,2.1,0,0,0,15302.0
2025-11-25 20:58:12.533259,22.5,56.6,5.56,1,1,0,1,banana,2.3,0,0,20,11954.0
2025-11-25 20:58:17.533259,20.8,58.5,5.69,0,1,1,1,banana,2.1,15,0,0,11814.0
2025-11-25 20:58:22.533259,20.7,59.0,5.67,1,1,0,1,banana,2.1,0,0,20,12478.0
2025-11-25 20:58:27.533259,21.3,61.7,5.59,1,0,1,1,banana,1.8,0,10,0,12901.0
2025-11-25 20:58:32.533259,21.1,64.1,5.5,1,1,0,1,banana,1.6,0,0,20,11825.0
2025-11-25 20:58:37.533259,21.4,65.3,5.57,1,0,0,1,banana,1.5,0,10,20,10203.0
2025-11-25 20:58:42.533259,22.3,66.1,5.43,0,1,0,1,banana,1.4,15,0,20,9216.0
2025-11-25 20:58:47.533259,21.7,69.4,5.26,1,1,1,1,banana,1.1,0,0,0,15508.0
2025-11-25 20:58:52.533259,22.2,71.0,5.46,1,1,1,1,banana,0.0,0,0,0,12518.0
2025-11-25 20:58:57.533259,21.6,74.2,5.41,0,0,0,1,banana,0.0,15,10,20,5512.0
2025-11-25 20:59:02.533259,21.6,74.1,5.57,1,1,1,1,banana,0.0,0,0,0,11529.0
2025-11-25 20:59:07.533259,21.5,82.9,5.53,1,1,1,0,banana,0.0,0,0,0,13109.0
2025-11-25 20:59:12.533259,21.3,77.8,5.52,1,0,0,0,banana,0.0,0,10,20,8733.0
2025-11-25 20:59:17.533259,21.8,74.5,5.42,1,0,0,0,banana,0.0,0,10,20,9423.0
2025-11-25 20:59:22.533259,22.0,76.0,5.61,0,0,0,0,banana,0.0,15,10,20,6850.0
2025-11-25 20:59:27.533259,20.9,75.1,5.28,1,0,0,0,banana,0.0,0,10,20,8175.0
2025-11-25 20:59:32.533259,21.5,76.0,5.44,0,0,1,0,banana,0.0,15,10,0,8524.0
2025-11-25 20:59:37.533259,20.9,77.0,5.46,0,1,1,0,banana,0.0,15,0,0,9810.0
2025-11-25 20:59:42.533259,21.1,77.7,5.51,0,1,1,0,banana,0.0,15,0,0,10303.0
2025-11-25 20:59:47.533259,21.5,73.9,5.47,0,1,0,0,banana,0.0,15,0,20,6760.0
2025-11-25 20:59:52.533259,21.4,70.5,5.48,1,1,1,0,banana,0.0,0,0,0,11944.0
2025-11-25 20:59:57.533259,21.1,66.9,5.56,1,0,0,0,banana,1.3,0,10,20,10631.0
2025-11-25 21:00:02.533259,21.8,71.0,5.52,1,1,1,0,banana,0.0,0,0,0,13489.0
2025-11-25 21:00:07.533259,20.7,70.7,5.4,0,0,0,0,banana,0.0,15,10,20,6013.0
2025-11-25 21:00:12.533259,21.9,73.7,5.38,0,1,0,0,banana,0.0,15,0,20,7670.0
2025-11-25 21:00:17.533259,21.9,68.2,5.52,1,1,0,0,banana,1.2,0,0,20,11595.0
2025-11-25 21:00:22.533259,20.6,70.7,5.51,1,0,0,0,banana,0.0,0,10,20,8745.0
2025-11-25 21:00:27.533259,21.4,69.4,5.4,0,0,0,0,banana,1.1,15,10,20,8317.0
2025-11-25 21:00:32.533259,20.5,69.6,5.47,0,1,1,0,banana,1.0,15,0,0,12356.0
2025-11-25 21:00:37.533259,22.2,67.9,5.36,1,0,0,0,banana,1.2,0,10,20,10036.0
2025-11-25 21:00:42.533259,21.1,70.7,5.47,1,0,0,0,banana,0.0,0,10,20,8107.0
2025-11-25 21:00:47.533259,20.7,66.4,5.47,1,1,0,0,banana,1.4,0,0,20,12536.0
2025-11-25 21:00:52.533259,21.7,64.7,5.61,1,0,1,0,banana,1.5,0,10,0,13619.0
2025-11-25 21:00:57.533259,21.9,69.0,5.39,1,0,1,0,banana,1.1,0,10,0,14433.0
2025-11-25 21:01:02.533259,21.2,67.4,5.48,1,1,0,0,banana,1.3,0,0,20,11292.0
2025-11-25 21:01:07.533259,22.0,66.4,5.39,0,0,1,0,banana,1.4,15,10,0,10744.0
2025-11-25 21:01:12.533259,20.8,66.3,5.64,0,0,0,0,banana,1.4,15,10,20,7697.0
2025-11-25 21:01:17.533259,21.9,64.2,5.54,1,0,1,0,banana,1.6,0,10,0,13280.0
2025-11-25 21:01:22.533259,21.5,65.3,5.35,0,1,0,0,banana,1.5,15,0,20,9936.0
2025-11-25 21:01:27.533259,21.0,62.5,5.4,0,0,0,0,banana,1.8,15,10,20,8301.0
2025-11-25 21:01:32.533259,22.0,63.7,5.63,1,0,1,0,banana,1.6,0,10,0,14010.0
2025-11-25 21:01:37.533259,21.5,62.6,5.5,1,1,0,0,banana,1.7,0,0,20,11130.0
2025-11-25 21:01:42.533259,21.2,64.1,5.36,1,0,0,0,banana,1.6,0,10,20,10626.0
2025-11-25 21:01:47.533259,22.2,61.8,5.22,0,1,0,0,banana,1.8,15,0,20,8888.0
2025-11-25 21:01:52.533259,21.3,63.4,5.4,0,1,0,0,banana,1.7,15,0,20,9099.0
2025-11-25 21:01:57.533259,21.4,62.0,5.4,1,1,1,0,banana,1.8,0,0,0,16212.0
2025-11-25 21:02:02.533259,21.4,64.4,5.6,1,0,0,0,banana,1.6,0,10,20,10554.0
2025-11-25 21:02:07.533259,20.8,61.8,5.55,1,1,0,0,banana,1.8,0,0,20,12592.0
2025-11-25 21:02:12.533259,20.9,60.5,5.37,1,0,1,0,banana,1.9,0,10,0,14078.0
2025-11-25 21:02:17.533259,21.5,56.3,5.53,0,0,0,0,banana,2.4,15,10,20,8125.0
2025-11-25 21:02:22.533259,20.7,62.7,5.5,1,1,1,0,banana,1.7,0,0,0,15548.0
2025-11-25 21:02:27.533259,21.3,56.6,5.73,0,0,0,0,banana,2.3,15,10,20,8412.0
2025-11-25 21:02:32.533259,22.0,60.8,5.43,0,1,0,0,banana,1.9,15,0,20,9021.0
2025-11-25 21:02:37.533259,21.4,55.7,5.64,0,0,0,0,banana,2.4,15,10,20,7780.0
2025-11-25 21:02:42.533259,20.8,57.2,5.51,1,1,0,0,banana,2.3,0,0,20,12428.0
2025-11-25 21:02:47.533259,20.9,55.1,5.33,1,1,1,0,banana,2.5,0,0,0,15800.0
2025-11-25 21:02:52.533259,20.9,55.9,5.48,1,1,0,0,banana,2.4,0,0,20,12260.0
2025-11-25 21:02:57.533259,21.9,55.4,5.56,0,1,1,0,banana,2.5,15,0,0,11218.0
2025-11-25 21:03:02.533259,21.7,54.6,5.69,1,0,0,0,banana,2.5,0,10,20,10651.0
2025-11-25 21:03:07.533259,20.6,57.0,5.52,1,1,0,0,banana,2.3,0,0,20,12735.0
2025-11-25 21:03:12.533259,21.3,55.3,5.49,0,1,1,0,banana,2.5,15,0,0,11265.0
2025-11-25 21:03:17.533259,21.3,49.8,5.39,0,0,0,0,banana,3.0,15,10,20,8592.0
2025-11-25 21:03:22.533259,22.3,50.9,5.4,1,0,0,0,banana,2.9,0,10,20,10505.0
2025-11-25 21:03:27.533259,19.8,56.3,5.72,0,1,1,0,banana,2.4,15,0,0,10843.0
2025-11-25 21:03:32.533259,20.6,50.1,5.55,0,1,0,0,banana,3.0,15,0,20,9003.0
2025-11-25 21:03:37.533259,22.6,50.3,5.5,1,1,0,0,banana,3.0,0,0,20,12563.0
2025-11-25 21:03:42.533259,21.2,45.2,5.41,0,1,1,0,banana,3.5,15,0,0,9078.0
2025-11-25 21:03:47.533259,21.8,50.7,5.42,1,1,0,0,banana,2.9,0,0,20,12479.0
2025-11-25 21:03:52.533259,21.4,48.5,5.6,1,1,0,0,banana,3.1,0,0,20,11007.0
2025-11-25 21:03:57.533259,22.0,49.3,5.48,1,1,1,0,banana,3.1,0,0,0,11951.0
2025-11-25 21:04:02.533259,22.4,48.8,5.37,1,0,0,0,banana,3.1,0,10,20,8322.0
2025-11-25 21:04:07.533259,21.0,49.4,5.54,1,1,0,0,banana,3.1,0,0,20,9002.0
2025-11-25 21:04:12.533259,20.3,47.3,5.63,1,0,1,0,banana,3.3,0,10,0,10619.0
2025-11-25 21:04:17.533259,21.3,50.4,5.37,1,0,0,0,banana,3.0,0,10,20,10717.0
2025-11-25 21:04:22.533259,22.2,45.7,5.56,1,1,1,0,banana,3.4,0,0,0,11945.0
2025-11-25 21:04:27.533259,22.9,47.9,5.67,1,1,0,0,banana,3.2,0,0,20,9445.0
2025-11-25 21:04:32.533259,21.6,45.6,5.51,1,1,1,0,banana,3.4,0,0,0,12860.0
2025-11-25 21:04:37.533259,21.6,46.3,5.41,1,0,1,0,banana,3.4,0,10,0,11166.0
2025-11-25 21:04:42.533259,21.6,42.4,5.53,1,0,0,0,banana,3.8,0,10,20,8699.0
2025-11-25 21:04:47.533259,21.2,44.7,5.42,0,1,0,0,banana,3.5,15,0,20,7247.0
2025-11-25 21:04:52.533259,20.9,43.7,5.31,1,1,0,0,banana,3.6,0,0,20,10096.0
2025-11-25 21:04:57.533259,22.1,45.6,5.5,0,1,1,0,banana,3.4,15,0,0,9829.0
2025-11-25 21:05:02.533259,20.9,43.9,5.5,0,1,0,0,banana,3.6,15,0,20,7701.0
2025-11-25 21:05:07.533259,21.6,44.8,5.54,1,1,0,0,banana,3.5,0,0,20,9591.0
2025-11-25 21:05:12.533259,21.5,43.7,5.6,1,1,0,0,banana,3.6,0,0,20,8528.0
2025-11-25 21:05:17.533259,21.6,42.6,5.55,1,1,1,0,banana,3.7,0,0,0,13225.0
2025-11-25 21:05:22.533259,21.5,39.5,5.54,1,1,0,1,banana,7.1,0,0,20,8957.0
2025-11-25 21:05:27.533259,21.1,45.4,5.37,0,0,0,1,banana,3.5,15,10,20,6689.0
2025-11-25 21:05:32.533259,20.7,45.1,5.39,1,0,0,1,banana,3.5,0,10,20,8413.0
2025-11-25 21:05:37.533259,21.6,47.5,5.46,0,1,0,1,banana,3.2,15,0,20,7555.0
2025-11-25 21:05:42.533259,20.4,47.4,5.45,1,0,0,1,banana,3.3,0,10,20,9711.0
2025-11-25 21:05:47.533259,20.5,49.3,5.45,1,1,0,1,banana,3.1,0,0,20,9580.0
2025-11-25 21:05:52.533259,21.3,53.6,5.6,1,0,0,1,banana,2.6,0,10,20,10369.0
2025-11-25 21:05:57.533259,21.7,53.8,5.34,1,1,0,1,banana,2.6,0,0,20,11875.0
2025-11-25 21:06:02.533259,21.9,58.8,5.62,1,0,1,1,banana,2.1,0,10,0,13961.0
2025-11-25 21:06:07.533259,21.6,57.2,5.65,0,0,1,1,banana,2.3,15,10,0,10802.0
2025-11-25 21:06:12.533259,21.2,63.4,5.5,0,1,1,1,banana,1.7,15,0,0,12091.0
2025-11-25 21:06:17.533259,21.6,62.0,5.46,1,1,0,1,banana,1.8,0,0,20,12957.0
2025-11-25 21:06:22.533259,20.6,64.4,5.39,0,1,1,1,banana,1.6,15,0,0,11463.0
2025-11-25 21:06:27.533259,21.2,65.2,5.62,0,0,0,1,banana,1.5,15,10,20,7724.0
2025-11-25 21:06:32.533259,21.9,66.2,5.46,0,1,0,1,banana,1.4,15,0,20,8456.0
2025-11-25 21:06:37.533259,21.7,70.7,5.56,1,1,0,1,banana,0.0,0,0,20,9575.0
2025-11-25 21:06:42.533259,22.1,74.6,5.58,0,1,0,1,banana,0.0,15,0,20,7872.0
2025-11-25 21:06:47.533259,22.3,75.3,5.53,1,1,0,0,banana,0.0,0,0,20,10133.0
2025-11-25 21:06:52.533259,21.6,76.7,5.22,0,1,1,0,banana,0.0,15,0,0,9933.0
2025-11-25 21:06:57.533259,21.5,73.2,5.42,0,1,1,0,banana,0.0,15,0,0,10413.0
2025-11-25 21:07:02.533259,21.4,74.6,5.64,0,1,0,0,banana,0.0,15,0,20,7184.0
2025-11-25 21:07:07.533259,22.2,70.5,5.36,1,0,1,0,banana,0.0,0,10,0,10592.0
2025-11-25 21:07:12.533259,21.9,76.1,5.75,1,1,0,0,banana,0.0,0,0,20,9355.0
2025-11-25 21:07:17.533259,20.4,73.0,5.75,1,1,0,0,banana,0.0,0,0,20,10403.0
2025-11-25 21:07:22.533259,21.9,70.3,5.44,0,1,0,0,banana,0.0,15,0,20,7842.0
2025-11-25 21:07:27.533259,21.4,71.4,5.55,1,1,0,0,banana,0.0,0,0,20,9699.0
2025-11-25 21:07:32.533259,21.0,72.3,5.55,0,1,1,0,banana,0.0,15,0,0,9093.0
2025-11-25 21:07:37.533259,20.4,69.8,5.63,0,1,0,0,banana,1.0,15,0,20,9260.0
2025-11-25 21:07:42.533259,21.9,69.7,5.44,1,1,0,0,banana,1.0,0,0,20,13046.0
2025-11-25 21:07:47.533259,21.5,70.3,5.39,1,0,0,0,banana,0.0,0,10,20,8615.0
2025-11-25 21:07:52.533259,20.6,69.6,5.68,1,0,1,0,banana,1.0,0,10,0,13119.0
2025-11-25 21:07:57.533259,21.4,70.3,5.64,0,0,0,0,banana,0.0,15,10,20,5846.0
2025-11-25 21:08:02.533259,21.2,64.4,5.27,1,1,0,0,banana,1.6,0,0,20,11155.0
2025-11-25 21:08:07.533259,20.9,66.6,5.5,1,1,1,0,banana,1.3,0,0,0,15909.0
2025-11-25 21:08:12.533259,20.8,65.2,5.19,1,0,1,0,banana,1.5,0,10,0,13650.0
2025-11-25 21:08:17.533259,20.9,64.0,5.43,1,1,0,0,banana,1.6,0,0,20,11214.0
2025-11-25 21:08:22.533259,21.6,66.5,5.41,0,0,1,0,banana,1.3,15,10,0,10437.0
2025-11-25 21:08:27.533259,21.4,66.7,5.59,0,0,0,0,banana,1.3,15,10,20,8297.0
2025-11-25 21:08:32.533259,21.8,65.4,5.51,1,1,1,0,banana,1.5,0,0,0,16272.0
2025-11-25 21:08:37.533259,20.8,66.5,5.52,0,1,1,0,banana,1.3,15,0,0,12112.0
2025-11-25 21:08:42.533259,21.2,64.9,5.52,0,0,1,0,banana,1.5,15,10,0,10617.0
2025-11-25 21:08:47.533259,21.2,63.4,5.44,1,1,1,0,banana,1.7,0,0,0,15628.0
2025-11-25 21:08:52.533259,21.5,63.1,5.46,1,1,0,0,banana,1.7,0,0,20,11638.0
2025-11-25 21:08:57.533259,22.0,59.6,5.5,0,0,1,0,banana,2.0,15,10,0,11298.0
2025-11-25 21:09:02.533259,21.0,61.5,5.51,1,1,1,0,banana,1.8,0,0,0,15512.0
2025-11-25 21:09:07.533259,21.6,58.6,5.63,1,0,1,0,banana,2.1,0,10,0,14262.0
2025-11-25 21:09:12.533259,21.1,61.3,5.47,0,0,0,0,banana,1.9,15,10,20,7420.0
2025-11-25 21:09:17.533259,21.5,57.8,5.63,0,1,0,0,banana,2.2,15,0,20,9409.0
2025-11-25 21:09:22.533259,21.6,60.2,5.5,1,1,0,0,banana,2.0,0,0,20,12769.0
2025-11-25 21:09:27.533259,21.2,57.9,5.6,0,1,0,0,banana,2.2,15,0,20,9740.0
2025-11-25 21:09:32.533259,22.0,55.9,5.48,1,1,1,0,banana,2.4,0,0,0,15387.0
2025-11-25 21:09:37.533259,21.5,56.8,5.62,0,1,0,0,banana,2.3,15,0,20,9281.0
2025-11-25 21:09:42.533259,21.4,56.5,5.54,0,0,1,0,banana,2.3,15,10,0,10504.0
2025-11-25 21:09:47.533259,22.3,59.0,5.38,1,1,1,0,banana,2.1,0,0,0,15713.0
2025-11-25 21:09:52.533259,21.4,56.5,5.66,1,1,0,0,banana,2.3,0,0,20,11724.0
2025-11-25 21:09:57.533259,21.3,56.3,5.45,1,1,1,0,banana,2.4,0,0,0,14736.0
2025-11-25 21:10:02.533259,21.4,57.7,5.45,0,1,0,0,banana,2.2,15,0,20,9231.0
2025-11-25 21:10:07.533259,20.1,56.1,5.36,1,0,0,0,banana,2.4,0,10,20,10540.0
2025-11-25 21:10:12.533259,22.1,52.5,5.42,0,1,0,0,banana,2.8,15,0,20,8912.0
2025-11-25 21:10:17.533259,21.9,54.2,5.32,0,1,1,0,banana,2.6,15,0,0,11614.0
2025-11-25 21:10:22.533259,21.3,53.4,5.46,1,1,0,0,banana,2.7,0,0,20,12224.0
2025-11-25 21:10:27.533259,21.7,50.3,5.55,1,1,1,0,banana,3.0,0,0,0,14032.0
2025-11-25 21:10:32.533259,21.4,54.7,5.5,0,1,0,0,banana,2.5,15,0,20,9378.0
2025-11-25 21:10:37.533259,21.7,50.5,5.52,1,0,1,0,banana,2.9,0,10,0,13820.0
2025-11-25 21:10:42.533259,21.1,50.0,5.44,0,0,0,0,banana,3.0,15,10,20,8322.0
2025-11-25 21:10:47.533259,21.4,51.4,5.58,1,0,0,0,banana,2.9,0,10,20,9933.0
2025-11-25 21:10:52.533259,21.7,51.0,5.47,1,1,0,0,banana,2.9,0,0,20,12224.0
2025-11-25 21:10:57.533259,21.8,51.2,5.7,1,1,0,0,banana,2.9,0,0,20,12599.0
2025-11-25 21:11:02.533259,20.9,49.7,5.44,1,0,1,0,banana,3.0,0,10,0,10919.0
2025-11-25 21:11:07.533259,20.8,50.5,5.41,1,0,0,0,banana,2.9,0,10,20,10505.0
2025-11-25 21:11:12.533259,22.3,51.1,5.57,0,0,0,0,banana,2.9,15,10,20,8702.0
2025-11-25 21:11:17.533259,21.2,46.5,5.47,0,1,1,0,banana,3.3,15,0,0,9524.0
2025-11-25 21:11:22.533259,21.2,47.4,5.48,0,0,0,0,banana,3.3,15,10,20,6345.0
2025-11-25 21:11:27.533259,21.2,48.9,5.75,0,1,1,0,banana,3.1,15,0,0,9479.0
2025-11-25 21:11:32.533259,21.0,49.0,5.56,0,1,0,0,banana,3.1,15,0,20,7585.0
2025-11-25 21:11:37.533259,21.7,44.7,5.41,1,1,0,0,banana,3.5,0,0,20,9440.0
2025-11-25 21:11:42.533259,21.7,45.0,5.31,1,1,0,0,banana,3.5,0,0,20,8616.0
2025-11-25 21:11:47.533259,21.2,46.2,5.46,1,0,0,0,banana,3.4,0,10,20,8767.0
2025-11-25 21:11:52.533259,21.3,46.3,5.55,1,1,0,0,banana,3.4,0,0,20,9104.0
2025-11-25 21:11:57.533259,21.3,41.9,5.39,0,1,0,0,banana,3.8,15,0,20,7621.0
2025-11-25 21:12:02.533259,21.3,39.3,5.48,1,1,1,1,banana,7.1,0,0,0,12253.0
2025-11-25 21:12:07.533259,21.5,45.1,5.7,1,0,0,1,banana,3.5,0,10,20,9227.0
2025-11-25 21:12:12.533259,21.7,48.0,5.62,0,1,0,1,banana,3.2,15,0,20,8038.0
2025-11-25 21:12:17.533259,20.9,50.4,5.45,1,0,0,1,banana,3.0,0,10,20,10880.0
2025-11-25 21:12:22.533259,21.9,52.4,5.47,1,0,1,1,banana,2.8,0,10,0,13406.0
2025-11-25 21:12:27.533259,22.0,54.3,5.41,1,1,0,1,banana,2.6,0,0,20,12405.0
2025-11-25 21:12:32.533259,21.2,54.7,5.38,0,0,0,1,banana,2.5,15,10,20,8072.0
2025-11-25 21:12:37.533259,21.4,54.5,5.75,1,1,0,1,banana,2.5,0,0,20,11068.0
2025-11-25 21:12:42.533259,21.3,58.5,5.44,0,1,0,1,banana,2.1,15,0,20,8136.0
2025-11-25 21:12:47.533259,20.6,64.1,5.71,1,0,1,1,banana,1.6,0,10,0,14103.0
2025-11-25 21:12:52.533259,20.7,65.3,5.58,1,0,1,1,banana,1.5,0,10,0,13925.0
2025-11-25 21:12:57.533259,21.3,64.8,5.55,0,1,0,1,banana,1.5,15,0,20,8941.0
2025-11-25 21:13:02.533259,20.6,71.9,5.45,0,1,0,1,banana,0.0,15,0,20,7425.0
2025-11-25 21:13:07.533259,22.1,68.2,5.32,1,1,0,1,banana,1.2,0,0,20,12089.0
2025-11-25 21:13:12.533259,21.1,70.2,5.56,1,0,0,1,banana,0.0,0,10,20,9271.0
2025-11-25 21:13:17.533259,22.3,74.2,5.56,0,1,0,1,banana,0.0,15,0,20,8053.0
2025-11-25 21:13:22.533259,20.8,74.7,5.49,0,1,1,1,banana,0.0,15,0,0,9376.0
2025-11-25 21:13:27.533259,22.0,72.0,5.54,1,1,0,1,banana,0.0,0,0,20,8903.0
2025-11-25 21:13:32.533259,21.5,77.6,5.6,0,1,0,0,banana,0.0,15,0,20,7913.0
2025-11-25 21:13:37.533259,20.6,77.2,5.57,1,1,1,0,banana,0.0,0,0,0,12163.0
2025-11-25 21:13:42.533259,20.6,78.2,5.46,1,0,0,0,banana,0.0,0,10,20,8529.0
2025-11-25 21:13:47.533259,19.8,80.2,5.45,0,1,1,0,banana,0.0,15,0,0,8906.0
2025-11-25 21:13:52.533259,20.8,79.8,5.29,0,1,0,0,banana,0.0,15,0,20,6929.0
2025-11-25 21:13:57.533259,22.9,78.2,5.58,1,1,0,0,banana,0.0,0,0,20,8863.0
2025-11-25 21:14:02.533259,20.9,73.8,5.35,0,1,0,0,banana,0.0,15,0,20,7313.0
2025-11-25 21:14:07.533259,20.6,75.5,5.59,1,0,0,0,banana,0.0,0,10,20,7785.0
2025-11-25 21:14:12.533259,21.8,75.9,5.48,1,1,1,0,banana,0.0,0,0,0,13314.0
2025-11-25 21:14:17.533259,21.5,78.8,5.59,0,1,1,0,banana,0.0,15,0,0,9653.0
2025-11-25 21:14:22.533259,21.1,72.3,5.42,1,0,0,0,banana,0.0,0,10,20,8575.0
2025-11-25 21:14:27.533259,21.5,76.2,5.46,0,1,1,0,banana,0.0,15,0,0,9791.0
2025-11-25 21:14:32.533259,20.0,74.0,5.47,1,1,0,0,banana,0.0,0,0,20,9462.0
2025-11-25 21:14:37.533259,21.5,71.5,5.59,1,1,0,0,banana,0.0,0,0,20,9769.0
2025-11-25 21:14:42.533259,20.9,71.3,5.52,1,0,1,0,banana,0.0,0,10,0,11104.0
2025-11-25 21:14:47.533259,21.3,70.1,5.6,1,0,0,0,banana,0.0,0,10,20,8213.0
2025-11-25 21:14:52.533259,21.4,70.6,5.55,1,1,0,0,banana,0.0,0,0,20,9391.0
2025-11-25 21:14:57.533259,21.8,69.8,5.59,0,1,0,0,banana,1.0,15,0,20,8481.0
2025-11-25 21:15:02.533259,21.4,70.6,5.36,1,1,1,0,banana,0.0,0,0,0,12584.0
2025-11-25 21:15:07.533259,21.0,70.7,5.3,1,0,1,0,banana,0.0,0,10,0,11142.0
2025-11-25 21:15:12.533259,21.7,71.6,5.4,1,0,0,0,banana,0.0,0,10,20,8455.0
2025-11-25 21:15:17.533259,21.2,71.3,5.34,1,0,1,0,banana,0.0,0,10,0,10584.0
2025-11-25 21:15:22.533259,21.8,69.6,5.43,0,1,1,0,banana,1.0,15,0,0,12843.0
2025-11-25 21:15:27.533259,21.8,67.2,5.56,1,1,1,0,banana,1.3,0,0,0,15049.0
2025-11-25 21:15:32.533259,21.5,67.5,5.66,1,1,0,0,banana,1.2,0,0,20,12094.0
2025-11-25 21:15:37.533259,21.3,67.2,5.48,1,1,1,0,banana,1.3,0,0,0,15440.0
2025-11-25 21:15:42.533259,21.0,67.0,5.57,1,0,0,0,banana,1.3,0,10,20,11493.0
2025-11-25 21:15:47.533259,21.8,65.0,5.63,1,1,1,0,banana,1.5,0,0,0,14895.0
2025-11-25 21:15:52.533259,20.8,65.8,5.69,1,1,0,0,banana,1.4,0,0,20,11434.0
2025-11-25 21:15:57.533259,20.5,65.2,5.35,1,0,0,0,banana,1.5,0,10,20,10509.0
2025-11-25 21:16:02.533259,21.3,64.9,5.62,0,0,0,0,banana,1.5,15,10,20,8124.0
2025-11-25 21:16:07.533259,21.4,62.4,5.62,1,1,1,0,banana,1.8,0,0,0,15786.0
2025-11-25 21:16:12.533259,21.5,63.8,5.53,1,1,1,0,banana,1.6,0,0,0,15464.0
2025-11-25 21:16:17.533259,21.6,66.0,5.32,1,1,1,0,banana,1.4,0,0,0,15997.0
2025-11-25 21:16:22.533259,22.0,61.0,5.48,1,0,1,0,banana,1.9,0,10,0,13972.0
2025-11-25 21:16:27.533259,22.2,63.7,5.44,1,1,0,0,banana,1.6,0,0,20,12810.0
2025-11-25 21:16:32.533259,20.6,62.4,5.38,1,1,0,0,banana,1.8,0,0,20,11513.0
2025-11-25 21:16:37.533259,21.1,63.0,5.56,0,1,0,0,banana,1.7,15,0,20,8611.0
2025-11-25 21:16:42.533259,22.2,58.1,5.36,1,1,1,0,banana,2.2,0,0,0,15372.0
2025-11-25 21:16:47.533259,20.2,62.2,5.43,1,1,0,0,banana,1.8,0,0,20,12119.0
2025-11-25 21:16:52.533259,21.4,58.7,5.66,0,1,0,0,banana,2.1,15,0,20,10614.0
2025-11-25 21:16:57.533259,20.1,60.0,5.41,0,1,1,0,banana,2.0,15,0,0,11859.0
2025-11-25 21:17:02.533259,20.4,57.1,5.47,0,1,0,0,banana,2.3,15,0,20,10252.0
2025-11-25 21:17:07.533259,21.3,59.1,5.53,1,1,0,0,banana,2.1,0,0,20,11833.0
2025-11-25 21:17:12.533259,21.0,55.2,5.49,1,0,0,0,banana,2.5,0,10,20,10520.0
2025-11-25 21:17:17.533259,21.6,56.9,5.42,1,1,1,0,banana,2.3,0,0,0,15045.0
2025-11-25 21:17:22.533259,21.3,57.8,5.4,0,1,0,0,banana,2.2,15,0,20,9686.0
2025-11-25 21:17:27.533259,21.9,55.8,5.42,1,1,1,0,banana,2.4,0,0,0,14919.0
2025-11-25 21:17:32.533259,21.1,54.1,5.47,1,0,0,0,banana,2.6,0,10,20,10672.0
2025-11-25 21:17:37.533259,20.9,55.1,5.56,1,1,1,0,banana,2.5,0,0,0,15089.0
2025-11-25 21:17:42.533259,21.1,54.7,5.54,1,1,0,0,banana,2.5,0,0,20,11554.0
2025-11-25 21:17:47.533259,21.1,57.1,5.34,1,1,0,0,banana,2.3,0,0,20,11337.0
2025-11-25 21:17:52.533259,20.7,51.6,5.81,1,1,0,0,banana,2.8,0,0,20,11944.0
2025-11-25 21:17:57.533259,21.8,52.9,5.48,1,0,1,0,banana,2.7,0,10,0,13296.0
2025-11-25 21:18:02.533259,21.3,51.7,5.5,0,1,0,0,banana,2.8,15,0,20,9405.0
2025-11-25 21:18:07.533259,21.1,50.3,5.45,0,1,0,0,banana,3.0,15,0,20,9101.0
2025-11-25 21:18:12.533259,20.9,53.0,5.41,1,0,0,0,banana,2.7,0,10,20,10202.0
2025-11-25 21:18:17.533259,20.9,49.9,5.47,1,0,0,0,banana,3.0,0,10,20,8847.0
2025-11-25 21:18:22.533259,21.7,50.3,5.34,0,1,0,0,banana,3.0,15,0,20,8930.0
2025-11-25 21:18:27.533259,21.0,47.6,5.26,0,1,1,0,banana,3.2,15,0,0,10728.0
2025-11-25 21:18:32.533259,21.4,49.1,5.4,1,0,0,0,banana,3.1,0,10,20,8334.0
2025-11-25 21:18:37.533259,20.6,51.1,5.42,0,0,1,0,banana,2.9,15,10,0,10050.0
2025-11-25 21:18:42.533259,20.0,46.1,5.51,0,0,0,0,banana,3.4,15,10,20,6877.0
2025-11-25 21:18:47.533259,21.0,49.7,5.54,1,1,0,0,banana,3.0,0,0,20,10232.0
2025-11-25 21:18:52.533259,20.7,48.6,5.4,0,0,0,0,banana,3.1,15,10,20,7298.0
2025-11-25 21:18:57.533259,21.5,48.9,5.53,1,1,1,0,banana,3.1,0,0,0,12479.0
2025-11-25 21:19:02.533259,21.2,44.6,5.49,0,1,1,0,banana,3.5,15,0,0,9206.0
2025-11-25 21:19:07.533259,22.0,46.4,5.4,1,1,0,0,banana,3.4,0,0,20,10027.0
2025-11-25 21:19:12.533259,21.9,43.2,5.57,1,0,0,0,banana,3.7,0,10,20,8667.0
2025-11-25 21:19:17.533259,21.1,44.9,5.43,0,1,1,0,banana,3.5,15,0,0,9167.0
2025-11-25 21:19:22.533259,21.2,44.5,5.41,1,0,1,0,banana,3.5,0,10,0,10027.0
2025-11-25 21:19:27.533259,21.3,43.4,5.38,1,0,0,0,banana,3.7,0,10,20,8942.0
2025-11-25 21:19:32.533259,21.9,43.5,5.45,0,1,1,0,banana,3.6,15,0,0,9664.0
2025-11-25 21:19:37.533259,20.7,43.7,5.54,1,0,0,0,banana,3.6,0,10,20,9203.0
2025-11-25 21:19:42.533259,21.6,42.1,5.54,0,1,1,0,banana,3.8,15,0,0,9512.0
2025-11-25 21:19:47.533259,21.5,45.1,5.49,1,0,0,0,banana,3.5,0,10,20,8588.0
2025-11-25 21:19:52.533259,21.3,40.9,5.44,0,0,0,0,banana,3.9,15,10,20,6463.0
2025-11-25 21:19:57.533259,20.8,36.6,5.39,1,1,0,1,banana,7.7,0,0,20,8262.0
2025-11-25 21:20:02.533259,21.5,44.5,5.69,0,1,0,1,banana,3.5,15,0,20,6385.0
2025-11-25 21:20:07.533259,21.0,42.5,5.7,1,0,0,1,banana,3.8,0,10,20,7960.0
2025-11-25 21:20:12.533259,21.6,47.1,5.33,1,0,0,1,banana,3.3,0,10,20,8134.0
2025-11-25 21:20:17.533259,21.9,49.2,5.55,1,1,1,1,banana,3.1,0,0,0,12839.0
2025-11-25 21:20:22.533259,20.2,50.6,5.5,1,1,0,1,banana,2.9,0,0,20,11694.0
2025-11-25 21:20:27.533259,21.3,50.9,5.55,1,1,1,1,banana,2.9,0,0,0,15624.0
2025-11-25 21:20:32.533259,20.4,54.5,5.67,1,1,0,1,banana,2.5,0,0,20,12222.0
